PC,OCC
0x55555555543c,295330
0x5555555554aa,7883508
0x5555555565eb,15001
0x5555555554aa,877594
0x5555555554da,5239280
0x555555555685,436207
0x5555555554ef,12461935
0x5555555554e6,19144669
0x55555555548e,4351051
0x555555555807,340419
0x5555555554a3,16346641
0x5555555566ae,426285
0x5555555554c6,9153253
0x555555555501,1077378
0x55555555571f,343584
0x5555555554a3,14667500
0x5555555554c6,10474192
0x555555555512,9242
0x5555555554f8,10696720
0x555555555495,16958731
0x5555555554dd,7181762
0x5555555554dd,3227012
0x55555555662f,175722
0x5555555554a3,6395143
0x5555555554b8,11300922
0x5555555554e6,1198234
0x555555555677,272150
0x5555555565d8,653374
0x5555555554d7,8501217
0x5555555554e0,5087111
0x55555555661e,798600
0x55555555577c,248793
0x5555555554c6,10813481
0x5555555554e0,17239643
0x5555555554aa,5377775
0x5555555554ef,6214980
0x5555555554a3,13848408
0x5555555554f4,11405353
0x5555555554b3,13462132
0x5555555554b3,11922030
0x555555555498,17961216
0x5555555554f4,18169265
0x5555555554e0,4171101
0x5555555554e0,18650055
0x5555555554aa,7366215
0x5555555554f8,21143230
0x555555556625,1746503
0x5555555554eb,1869634
0x5555555554fd,12698249
0x5555555554e3,14106011
0x5555555554f4,13878545
0x5555555554eb,26845373
0x55555555582c,734463
0x55555555549a,9884579
0x55555555548e,21599296
0x5555555554dd,9673371
0x5555555554f8,8971335
0x5555555554cd,24134750
0x555555555501,10747995
0x5555555554dd,2862741
0x5555555554dd,11239436
0x5555555554dd,23768683
0x5555555554d7,16202793
0x5555555554eb,15221208
0x5555555554f4,14496618
0x55555555548e,8622553
0x5555555554cd,20415426
0x55555555549a,16520914
0x55555555549a,19526647
0x5555555554b0,26848790
0x5555555554b0,1707105
0x5555555554d4,11141433
0x5555555556e5,297386
0x5555555554f4,896211
0x55555555549a,316788
0x5555555554f4,19682396
0x555555555498,13370709
0x5555555554ad,26031494
0x555555555501,4622361
0x5555555554cd,22156746
0x5555555554da,4630697
0x55555555548e,2231947
0x5555555554f8,20885241
0x5555555554bf,1793381
0x55555555661a,1243574
0x555555555501,23810621
0x5555555554d4,4776789
0x5555555554b3,10506763
0x55555555548e,3292902
0x555555555498,660700
0x5555555554e6,9636307
0x5555555554e3,23563913
0x5555555554cd,23687842
0x5555555554cd,24213373
0x555555556622,1666892
0x55555555667d,2004532
0x555555555501,23915822
0x5555555554d4,12507683
0x5555555554f4,2098308
0x555555556610,1769508
0x5555555554d4,9703543
0x5555555554da,5747510
0x55555555549c,5744406
0x5555555554a3,4434629
0x55555555549c,26508754
0x5555555554e3,26813376
0x555555555807,564586
0x555555556612,1762672
0x5555555566bb,321193
0x5555555554f4,20459556
0x55555555544b,278549
0x5555555554a3,10091899
0x555555556607,2329339
0x5555555554b3,7762017
0x55555555549a,20054453
0x5555555554f4,26604130
0x5555555554c6,3251204
0x5555555554b8,10034483
0x5555555554e6,610912
0x555555555501,22637157
0x555555555498,21346498
0x555555555495,4343731
0x5555555554ef,16747079
0x5555555554d7,18526331
0x5555555556c7,9481
0x5555555554cd,21041304
0x5555555554bf,16791016
0x5555555554e0,17180021
0x5555555554eb,21028169
0x5555555554e6,13003835
0x555555555498,11719259
0x555555555495,10855359
0x5555555554c6,23267427
0x5555555554aa,2237873
0x55555555548e,15784020
0x5555555554da,15810870
0x5555555554d7,21937489
0x555555556614,1862436
0x5555555554eb,396851
0x5555555554f4,9979879
0x555555555736,408327
0x55555555666e,399655
0x5555555554b8,3294619
0x5555555554cd,22785565
0x5555555554da,19843162
0x5555555554fd,21876756
0x55555555549c,8662915
0x5555555554b0,8520612
0x5555555565c4,411755
0x5555555554cd,14229952
0x5555555554bf,7927299
0x5555555554ad,13825753
0x55555555586e,328274
0x555555555501,25979710
0x5555555554f8,17920293
0x5555555554aa,23924475
0x5555555554d4,13205667
0x555555555498,3119673
0x5555555554eb,20758645
0x5555555554b3,6681751
0x555555556a74,55402
0x555555555492,10339970
0x5555555554e6,251745
0x55555555548e,13049675
0x5555555554b3,9944268
0x5555555554da,3907742
0x5555555554dd,19318458
0x555555555501,3212755
0x5555555554e0,17274531
0x5555555554ad,4494463
0x5555555554aa,25299853
0x5555555554e6,2127400
0x555555555853,665120
0x555555555492,5578144
0x55555555584d,556515
0x55555555549c,535029
0x555555555667,64936
0x5555555554f8,22889905
0x55555555586e,230606
0x55555555544b,191113
0x5555555554cd,10907632
0x5555555554dd,21438298
0x55555555549a,3956190
0x55555555549c,2503350
0x5555555554f4,23951665
0x5555555554e6,24620267
0x5555555554dd,20441702
0x555555555495,4657985
0x5555555554d7,4947224
0x5555555554da,23746549
0x5555555554da,3723569
0x555555555492,24167568
0x555555556640,117731
0x5555555556cf,160766
0x5555555554e6,22728133
0x5555555554e6,25280846
0x555555555498,1127423
0x5555555554b0,19472861
0x555555555841,810748
0x5555555554c6,26294980
0x5555555554aa,5240256
0x55555555583a,677157
0x555555556633,412242
0x55555555571d,406220
0x555555555501,8887230
0x555555555501,2107916
0x5555555554dd,4925822
0x5555555554b3,5119329
0x555555555495,24344002
0x5555555554f4,5353996
0x5555555566ae,861217
0x55555555549c,26805972
0x5555555554aa,10571446
0x5555555554cd,4493501
0x555555555501,11662234
0x5555555555f4,18177
0x5555555554fd,8804477
0x5555555554da,11609562
0x5555555554f4,15125618
0x555555555685,305875
0x5555555556d3,97613
0x5555555554d4,17816735
0x5555555554f4,18190942
0x55555555548e,17768650
0x555555555577,247632
0x5555555554e3,859127
0x5555555555f1,257221
0x55555555549a,13910892
0x555555555492,17903712
0x5555555554eb,11978462
0x5555555554e3,14121350
0x5555555556a8,142012
0x55555555586e,156860
0x5555555565c4,527364
0x5555555554ef,4658344
0x555555555805,704906
0x5555555554e6,7320672
0x5555555554c6,26980665
0x5555555554fd,26046647
0x555555555501,9231055
0x555555556627,713207
0x555555555492,16950594
0x5555555554b0,19570529
0x5555555554ad,12502909
0x5555555554e0,3398709
0x5555555554fd,16663631
0x5555555554e3,8389995
0x5555555554b8,1985724
0x5555555554d4,14343598
0x555555555498,11013128
0x5555555554aa,524071
0x5555555566ae,809260
0x55555555548e,19558961
0x5555555554d4,8104588
0x5555555554ad,12969914
0x555555555807,587601
0x5555555554bf,11075810
0x5555555554e6,23955267
0x5555555555cf,49429
0x5555555554ad,18867045
0x55555555661e,972935
0x5555555554a3,22763374
0x5555555554ad,5767408
0x5555555554bf,16249393
0x5555555554c6,7921862
0x5555555565d2,894731
0x5555555554da,16995774
0x555555556614,2835933
0x55555555664e,125157
0x555555556622,1775919
0x555555556625,557369
0x5555555554e0,12633143
0x5555555552e5,20005
0x5555555554b8,22674812
0x5555555554d7,2539711
0x5555555554e6,5485950
0x555555555492,16775468
0x5555555554fd,8245304
0x5555555555ee,73430
0x5555555554f8,6857933
0x5555555555cf,181850
0x555555555498,19547185
0x5555555554cd,26047448
0x555555555501,14751553
0x5555555554e6,14824004
0x555555555501,26344658
0x5555555554dd,5867301
0x5555555554e6,2488098
0x5555555554b3,17089639
0x5555555554f4,6318840
0x5555555554b3,11258392
0x5555555554b0,8211785
0x5555555554bf,13476941
0x555555555802,879233
0x55555555581a,778799
0x5555555554da,305859
0x55555555549c,8479184
0x5555555554dd,7719681
0x5555555554d4,18561073
0x5555555565c7,615433
0x555555555498,25033527
0x55555555564e,438511
0x5555555554a3,14960564
0x5555555554b0,2992134
0x5555555554f4,21189255
0x5555555554cd,10953864
0x55555555549a,7205305
0x5555555554f8,16531293
0x5555555554ad,23234072
0x555555555492,15436677
0x5555555554e3,22190516
0x5555555554b0,22195214
0x5555555565be,762534
0x5555555554d7,5404904
0x555555555495,25032606
0x555555555757,208635
0x5555555554ad,3708950
0x5555555554b8,24203638
0x555555555501,25427187
0x5555555554b3,408500
0x5555555554e3,2965923
0x5555555554cd,1428909
0x555555555498,13894374
0x55555555661a,1488355
0x5555555554e0,18465432
0x5555555554eb,4991750
0x5555555554da,5195890
0x555555555858,86965
0x5555555554bf,21473345
0x55555555549c,14824287
0x555555555809,615854
0x5555555554ef,4361196
0x5555555554f8,25269980
0x55555555548e,5734211
0x5555555554aa,23645641
0x555555556617,1325849
0x5555555554aa,11379546
0x5555555554b3,840198
0x5555555554da,21681825
0x555555555498,20415381
0x555555555498,20659509
0x55555555548e,15150169
0x5555555554ad,16523726
0x55555555549c,567734
0x55555555666a,200412
0x55555555549c,17861043
0x5555555554b8,22419093
0x5555555554ad,364732
0x555555555501,13937288
0x555555555492,10787383
0x5555555554f4,7189389
0x5555555554ef,17777277
0x55555555573b,310672
0x5555555554fd,5856001
0x55555555560d,265962
0x5555555554aa,8047033
0x5555555554ad,23864717
0x5555555554b0,13093903
0x555555555498,17574511
0x555555555817,635492
0x55555555549c,17484315
0x5555555554d7,24788494
0x5555555554da,22179820
0x5555555566da,98519
0x5555555554e6,12428435
0x5555555554bf,16767546
0x5555555554ef,10696064
0x5555555554aa,10182882
0x555555555492,18793026
0x555555555492,2363134
0x5555555554cd,16329407
0x5555555554cd,22919326
0x5555555554d7,7592640
0x555555555495,16886613
0x5555555554eb,4721952
0x555555555450,164311
0x5555555554da,22886487
0x5555555554fd,12477806
0x555555555641,176804
0x555555555495,26179322
0x5555555554dd,9325269
0x5555555554d7,13505254
0x5555555554f8,22132895
0x555555555492,9549671
0x555555555492,9760870
0x5555555554dd,13868621
0x5555555554f4,14480438
0x5555555554e0,741856
0x555555555501,10836216
0x5555555554b3,12393759
0x5555555554a3,25486474
0x5555555554b3,5244919
0x555555555498,5408773
0x5555555554c6,1178895
0x5555555554d7,4392307
0x5555555554e6,22218081
0x5555555554d4,15403206
0x555555555733,157533
0x5555555554f4,22638124
0x5555555565d8,419153
0x555555555847,738738
0x5555555554da,7295025
0x5555555554b3,10744819
0x555555555492,22772423
0x5555555554bf,7586173
0x5555555554a3,9229478
0x55555555548e,11322148
0x5555555554ad,15019417
0x555555555492,15865028
0x5555555554cd,4545261
0x5555555554f4,18908972
0x5555555554b0,10328217
0x5555555554eb,23617172
0x5555555554d7,7511094
0x5555555554a3,19640301
0x5555555554ef,25995373
0x55555555581d,514723
0x5555555554e6,5679635
0x55555555548e,25842796
0x5555555554a3,12122004
0x5555555554ad,18681322
0x5555555554e3,15501592
0x5555555554cd,583784
0x55555555548e,12582777
0x5555555554b0,4099440
0x5555555554c6,25636646
0x555555555498,16567688
0x5555555554cd,26345893
0x5555555554d7,24091534
0x5555555554eb,19691286
0x5555555554b3,18541131
0x5555555554e0,19491627
0x5555555554e3,23721049
0x5555555554cd,2056341
0x55555555549a,1045389
0x5555555554c6,15613594
0x5555555554bf,22432202
0x5555555554e0,9334606
0x5555555554f4,25948136
0x5555555554f4,12367294
0x5555555554bf,16862944
0x5555555554cd,25448971
0x555555556627,1355025
0x5555555554cd,3735968
0x5555555554e3,5781547
0x555555556627,1748635
0x555555555492,11627477
0x5555555554ad,21389488
0x555555555501,5652684
0x55555555548e,2380813
0x555555556607,2604879
0x555555555498,1293445
0x5555555554da,23343159
0x5555555554a3,6725599
0x5555555554e3,5256921
0x5555555554dd,26649410
0x5555555554e3,19319746
0x5555555554aa,21527898
0x5555555554eb,20391792
0x5555555554eb,13723422
0x5555555554bf,13847720
0x5555555554aa,677256
0x5555555554f8,8228252
0x5555555554b8,9749545
0x55555555549c,2048246
0x5555555554d7,4242053
0x5555555554fd,770152
0x5555555554fd,26596986
0x5555555554e6,23943885
0x5555555554bf,7764124
0x5555555554bf,1829221
0x5555555554cd,10771663
0x555555555529,257409
0x5555555554cd,23847130
0x55555555549a,17195005
0x555555555651,354100
0x5555555554c6,15257669
0x5555555554d4,22498400
0x5555555554b3,8062261
0x5555555555e4,341998
0x5555555554b3,20778817
0x5555555554cd,4884208
0x555555555492,4642809
0x5555555554f8,4167103
0x55555555661a,608551
0x5555555554ad,5186437
0x5555555554e6,19795057
0x5555555554f4,12197940
0x55555555549a,3700514
0x555555555498,25728882
0x5555555556ae,168481
0x5555555554ef,23108967
0x5555555554e3,13398606
0x5555555565d2,726385
0x55555555556b,144182
0x5555555554b0,15606531
0x555555555498,1393594
0x5555555554d7,3371265
0x5555555554f4,6172236
0x555555556675,596287
0x555555556639,349072
0x55555555549c,19358855
0x5555555554d4,15368328
0x5555555554bf,14305790
0x55555555548e,1411022
0x5555555554eb,21931682
0x5555555554e6,1129075
0x555555555495,24236932
0x5555555554bf,3621224
0x55555555661a,134487
0x555555555498,11639016
0x555555555495,23997654
0x5555555565a7,4372
0x555555556607,1769196
0x555555556622,1856427
0x555555555498,4628587
0x555555556639,562745
0x5555555554e6,16056359
0x55555555549c,10061732
0x5555555554da,5907500
0x5555555554f8,1137487
0x5555555554a3,10255345
0x5555555554dd,8295041
0x555555555501,19828636
0x5555555554d7,3816125
0x5555555554ef,2439753
0x5555555554e0,4800863
0x55555555661e,414819
0x5555555565c7,596537
0x5555555554aa,13003414
0x5555555554f4,23203503
0x5555555554bf,3790915
0x555555555498,25811493
0x55555555546a,24365
0x5555555554e3,20609428
0x55555555548e,24378243
0x5555555554c6,22712091
0x5555555554e3,16109078
0x5555555554a3,20324244
0x55555555661e,39912
0x55555555549a,13504033
0x55555555549c,26358719
0x555555556614,2094776
0x555555555615,91124
0x5555555556d8,181483
0x555555555584,90099
0x555555556612,1328042
0x5555555555e4,421445
0x55555555549a,6479405
0x5555555557fc,85636
0x555555556610,2947720
0x555555555436,431505
0x555555555492,12968184
0x5555555554a3,3065135
0x555555555495,679046
0x5555555554f8,12849003
0x5555555554e3,15100320
0x5555555554dd,13421763
0x5555555556a8,417577
0x55555555576a,454802
0x55555555549a,2200888
0x5555555554eb,26821603
0x5555555554e0,11119966
0x555555555492,12137421
0x5555555554b0,7673602
0x555555555501,1472425
0x5555555554ad,2365490
0x5555555554b0,1581306
0x55555555549a,13909002
0x5555555554c6,19784392
0x5555555554f8,19794933
0x555555556614,2740521
0x5555555554d7,14392751
0x555555555742,323315
0x5555555565c9,8616
0x5555555554e0,16515668
0x5555555554ef,15996509
0x5555555554fd,19641458
0x5555555554e3,17410098
0x5555555554b0,19481558
0x5555555554f4,4088957
0x5555555554aa,4299426
0x5555555554b0,10511700
0x5555555554c6,25619336
0x55555555548e,9432474
0x555555556614,1615424
0x5555555554fd,164355
0x5555555554ad,5304502
0x5555555554ad,11616821
0x55555555549c,16908167
0x5555555554e6,19977889
0x5555555554b8,24991699
0x5555555554ef,14542168
0x55555555549c,21691549
0x55555555548e,17604961
0x55555555564b,17994
0x5555555554da,7332029
0x5555555554e6,13091572
0x5555555554e3,6400692
0x5555555554e0,25419612
0x5555555554e3,15408073
0x55555555576d,89780
0x5555555554aa,7733820
0x5555555554da,20552774
0x5555555554aa,11703444
0x5555555554ad,639638
0x5555555554d7,14384258
0x55555555563a,213257
0x555555555495,10358715
0x5555555554d7,3612810
0x5555555554aa,20521335
0x55555555549c,11556276
0x5555555554b8,12561136
0x5555555554dd,6468160
0x555555556622,944089
0x55555555565d,208676
0x5555555554a3,16924184
0x5555555554e3,10363539
0x555555555498,13169500
0x5555555554b3,11602948
0x555555555749,314506
0x5555555554d7,25743008
0x5555555554c6,4893217
0x5555555554b3,24093176
0x555555555492,20433855
0x5555555554c6,20827625
0x5555555554e3,6028175
0x5555555554b8,17488310
0x5555555554e6,24506634
0x5555555554a3,3369251
0x5555555554d4,8872561
0x555555556636,266323
0x555555555577,111362
0x5555555554e3,10417721
0x555555555492,1237420
0x5555555554a3,24576920
0x55555555548e,25464171
0x5555555554d4,10740587
0x555555555498,4751297
0x5555555554ef,25683311
0x5555555554e6,1550516
0x5555555554da,56222
0x5555555554dd,8300822
0x5555555554e0,3356358
0x555555556614,2130735
0x55555555549a,19634975
0x5555555554d4,21343677
0x5555555554dd,17193317
0x5555555554d7,15006309
0x5555555565c9,880924
0x5555555554c6,14780341
0x5555555554d7,10316270
0x555555555495,18337605
0x5555555554fd,15702127
0x5555555554d4,3173190
0x55555555661a,2824855
0x5555555554e0,15978918
0x5555555554d7,2766927
0x5555555554b0,4153936
0x5555555554e0,14675128
0x5555555554e3,10223828
0x55555555667d,2288803
0x5555555554f4,24442321
0x555555555651,164604
0x5555555554e0,17104922
0x5555555554f8,14054223
0x5555555554fd,2807546
0x555555555501,25806156
0x5555555554b0,23987031
0x555555555672,190761
0x555555555498,11280405
0x5555555554dd,5809981
0x5555555554e6,15146476
0x5555555554b3,21321854
0x5555555554a3,10426017
0x5555555554d4,7937114
0x55555555549c,4491723
0x5555555566b1,377344
0x5555555554fd,23713035
0x5555555554d7,16945413
0x5555555554cd,10843255
0x5555555554b0,17807533
0x5555555554e0,23745460
0x5555555554bf,1235072
0x5555555566ae,230384
0x5555555554b0,24689190
0x5555555554e3,24002538
0x5555555554e3,22267649
0x5555555554ef,22865976
0x555555555861,620289
0x555555555492,8307991
0x5555555554f8,19218709
0x5555555554bf,21418695
0x5555555554aa,17250452
0x555555556627,2431702
0x555555555498,15217081
0x5555555554ef,605367
0x5555555554da,14844155
0x555555556625,2254042
0x5555555554ef,7738746
0x5555555554d4,13324227
0x55555555562b,291328
0x5555555554d4,20294292
0x55555555549a,14311644
0x5555555554b0,5996095
0x55555555549c,18123338
0x555555555492,21120785
0x5555555554b3,9194925
0x5555555554d7,6427286
0x5555555554f8,12911574
0x555555555498,24891562
0x5555555554a3,6069910
0x5555555565c1,335218
0x55555555549a,4021945
0x5555555554cd,8919482
0x5555555554b8,11133879
0x5555555554e6,10596339
0x55555555581a,256195
0x55555555560d,82618
0x555555555809,327776
0x555555555498,4612488
0x5555555554f8,2537737
0x5555555554cd,12562474
0x5555555554b8,15979065
0x5555555554b0,18968349
0x5555555554f4,5808119
0x5555555554f4,15216341
0x5555555554da,12234325
0x555555555498,5296959
0x5555555554dd,26399526
0x5555555565cf,901032
0x5555555554f4,18268662
0x5555555554a3,22944529
0x55555555665d,484840
0x5555555554eb,24804489
0x5555555554f8,21433646
0x555555555492,25516859
0x555555555495,9726865
0x5555555554c6,3348777
0x5555555554ef,16955928
0x5555555554f8,10048560
0x555555555498,10521734
0x55555555549a,7039509
0x5555555554c6,18732618
0x555555555635,341763
0x5555555554ad,17166321
0x555555555495,12141759
0x5555555554aa,18894032
0x5555555554c6,23204468
0x5555555554d4,6150304
0x5555555554d7,10126411
0x55555555549a,24460065
0x55555555586a,477819
0x5555555554da,12265690
0x5555555554b8,25561094
0x55555555581a,419022
0x5555555554ef,6717476
0x5555555556dc,104434
0x55555555549a,14863848
0x55555555584d,603981
0x555555555850,76220
0x5555555554c6,7281178
0x5555555557ff,447073
0x555555555492,22767749
0x55555555671c,167057
0x5555555566df,881050
0x5555555554e3,19327052
0x5555555557ff,557495
0x5555555554b3,979710
0x55555555560d,19462
0x555555555492,21292960
0x5555555554f8,9877714
0x5555555554f4,3434691
0x555555556610,1784402
0x5555555554e0,1482575
0x555555555495,15181245
0x55555555548e,25425657
0x5555555554f8,20533804
0x5555555554d7,4515294
0x555555555492,21463639
0x55555555661a,728935
0x5555555554d4,16667880
0x5555555556c7,221314
0x5555555554ad,22406827
0x5555555554fd,24045935
0x5555555554ef,14272748
0x555555556610,1854744
0x5555555554f8,12152499
0x5555555554b0,23251631
0x555555555498,12361014
0x5555555554da,13229567
0x5555555554d7,8333703
0x5555555554d4,8781302
0x5555555554c6,2760103
0x555555555495,10666619
0x5555555554d4,23298515
0x5555555554b8,26666320
0x55555555548e,18208999
0x5555555554eb,22966443
0x5555555554ad,2642122
0x55555555548e,20422224
0x5555555554d4,7691305
0x55555555667d,2394971
0x5555555554ef,21791165
0x555555555498,9253998
0x55555555548e,12514401
0x5555555554e6,9751710
0x5555555554da,23027653
0x5555555554e3,4090854
0x5555555565be,776112
0x555555555492,5272193
0x5555555554aa,21162354
0x5555555554b8,19799738
0x5555555554f8,18192479
0x5555555554e0,1640237
0x55555555586e,442558
0x5555555554e0,8620641
0x5555555565df,970471
0x5555555554ef,25025847
0x555555555730,300673
0x555555555492,24143421
0x5555555565c7,250494
0x5555555554e6,26854896
0x5555555554cd,11170827
0x5555555554e6,17911682
0x5555555554bf,19365079
0x555555555495,19495372
0x5555555554f8,24787512
0x5555555554a3,20259676
0x5555555554b8,5269196
0x5555555554d7,12319046
0x5555555554eb,1046232
0x5555555554fd,9012696
0x5555555554e6,18025427
0x555555555495,14688811
0x5555555554b3,14513769
0x555555555858,730977
0x555555555850,679696
0x555555555656,333654
0x55555555660a,254419
0x555555555498,17705278
0x5555555554eb,15897820
0x5555555554e0,2300325
0x5555555554e0,121541
0x5555555554d7,8946515
0x5555555554da,14089617
0x55555555548e,17934525
0x5555555556a5,52794
0x5555555554ef,22198165
0x55555555549a,9897619
0x5555555554e0,8932307
0x555555556625,1062519
0x555555555495,21949117
0x5555555554eb,15637268
0x55555555548e,4294492
0x5555555566b1,584304
0x55555555549a,5680072
0x5555555554dd,13143319
0x5555555554b8,10744333
0x5555555554b8,4035681
0x5555555554da,25003963
0x5555555554e3,10402815
0x5555555554f4,3645119
0x5555555554b8,14038898
0x5555555554aa,10822125
0x5555555566c0,268319
0x5555555554b8,12093863
0x5555555554c6,13026221
0x5555555554b8,4776597
0x5555555554cd,9940792
0x5555555556ca,228451
0x55555555548e,10789025
0x5555555554e6,12553132
0x5555555554f4,16862041
0x5555555554fd,11040080
0x555555555495,14317246
0x5555555554b3,19915075
0x5555555554c6,11482537
0x5555555554b8,11000456
0x5555555554ef,21755201
0x55555555584a,727049
0x555555555495,969023
0x5555555554da,7857238
0x5555555554ef,9673696
0x5555555554eb,18296559
0x55555555549c,1342871
0x5555555554bf,22156867
0x55555555548e,6083230
0x555555555501,24770303
0x5555555554b3,16723736
0x555555555450,242047
0x555555555492,17461371
0x55555555549a,6018228
0x5555555554b8,13773560
0x555555555492,12882567
0x5555555554f8,2285216
0x5555555554b8,8490084
0x55555555661e,2818577
0x5555555554aa,20459433
0x555555555492,3119870
0x5555555554ef,20287730
0x5555555554bf,1737820
0x5555555554a3,1236238
0x5555555554bf,16995990
0x5555555554ad,15100516
0x555555555498,18554668
0x5555555554ad,3535459
0x555555555501,14182831
0x5555555554e6,22227458
0x555555555501,26853503
0x5555555566e3,308377
0x5555555554d7,23328007
0x5555555554b3,18357239
0x5555555554da,9326812
0x5555555554e3,13747316
0x55555555584a,592705
0x5555555554aa,15410259
0x5555555554eb,1273708
0x5555555554f4,6497945
0x5555555554f8,6600801
0x5555555554e6,3153553
0x5555555554f4,20026997
0x5555555554fd,10272409
0x55555555563a,239961
0x5555555554ef,25950659
0x55555555564e,99094
0x555555555492,12798184
0x5555555554bf,19563680
0x555555555501,14791070
0x55555555661e,2290583
0x5555555554c6,5374047
0x5555555554b8,24640177
0x5555555554b0,7400113
0x555555555850,214561
0x555555555495,22795545
0x5555555554d7,8320175
0x555555555498,18550396
0x5555555554ad,22258949
0x5555555554b8,10610376
0x555555555495,11128300
0x5555555566df,434790
0x5555555554d4,5433505
0x5555555554bf,14845487
0x5555555554f4,23329817
0x5555555554f8,24795713
0x5555555554b8,3272942
0x5555555554da,5959267
0x5555555554bf,2876284
0x5555555554dd,4770708
0x5555555554cd,17044246
0x5555555554cd,2000752
0x5555555554dd,18512954
0x55555555565d,49685
0x555555555498,10966424
0x5555555554a3,23709022
0x55555555660a,1992036
0x5555555554aa,11786546
0x5555555554b0,20281787
0x5555555554ad,25852534
0x5555555554b8,6076047
0x555555555492,8460408
0x5555555554aa,6589211
0x5555555554eb,18489948
0x5555555554b3,21322731
0x5555555554cd,11256395
0x55555555549a,16749377
0x5555555554b0,22458849
0x55555555661a,2460359
0x55555555565d,333443
0x5555555554e3,13189084
0x5555555554b8,3218652
0x5555555554eb,5701206
0x55555555548e,25661406
0x555555556617,1652385
0x55555555652f,2358
0x5555555554ef,11680059
0x5555555554e6,8313783
0x55555555549c,5219593
0x5555555554d7,8724181
0x5555555554e3,11513366
0x5555555554fd,10239603
0x5555555554cd,6154412
0x555555556612,3109866
0x5555555554c6,6230427
0x5555555554da,23267304
0x5555555554cd,6298253
0x555555555501,8571595
0x55555555549c,4267361
0x555555555501,7251358
0x55555555581d,199333
0x555555555498,24426417
0x555555555495,25271936
0x5555555554bf,11298540
0x5555555554f4,1770030
0x5555555554da,22267911
0x5555555554bf,11784617
0x5555555554f4,8091522
0x5555555554d7,7913178
0x5555555554e6,16528190
0x5555555554fd,993765