PC,OCC,RESULT
0x55555556328b,8650682,CORRECT
0x55555556324f,7367616,CORRECT
0x555555563212,8941648,CORRECT
0x5555555632a4,4567303,CORRECT
0x555555563252,2405651,NOINJECT
0x555555563355,1193004,CORRECT
0x55555558aaaf,14110830,CRASH
0x5555555632ba,14578180,CRASH
0x5555555632b6,1693343,CRASH
0x55555556326f,5852995,CORRECT
0x55555556322d,948220,NOINJECT
0x5555555631fa,59411,NOINJECT
0x7fffe4088394,234171,NOINJECT
0x5555555632bf,15936910,NOINJECT
0x555555563206,14078654,CORRECT
0x555555563344,11036511,NOINJECT
0x555555563280,4334154,CORRECT
0x55555556321c,7915483,SDC
0x555555563334,13253506,CORRECT
0x55555558aab1,9346769,CORRECT
0x5555555632ba,2144889,CORRECT
0x555555558fdd,490977,CRASH
0x55555556324f,2999363,CORRECT
0x555555563201,673316,CORRECT
0x555555563298,11661683,CRASH
0x7fffe41eb24c,1076103,NOINJECT
0x555555558f6c,1047676,CORRECT
0x5555555632ae,9868506,NOINJECT
0x55555558a597,770630,CORRECT
0x555555563239,11504101,CORRECT
0x55555556324f,15127008,CORRECT
0x5555555631f5,8232566,CORRECT
0x555555563263,9466315,CORRECT
0x55555556315e,304006,CRASH
0x555555563210,12145143,NOINJECT
0x555555563298,12884170,CRASH
0x55555558a59e,1486626,CORRECT
0x555555563275,735488,CORRECT
0x555555563341,2192651,CORRECT
0x55555556333d,11206643,CRASH
0x55555558a606,201748,CRASH
0x55555556326d,14315742,CORRECT
0x555555563221,10783930,CORRECT
0x555555563245,884003,CORRECT
0x5555555632b2,7382854,CRASH
0x555555563275,3251956,CORRECT
0x555555563217,4764574,CORRECT
0x555555558f40,1266781,NOINJECT
0x55555556322d,15057316,NOINJECT
0x555555563254,12092621,CORRECT
0x55555558a641,392061,CORRECT
0x55555556334b,1572908,NOINJECT
0x555555563330,11418448,CORRECT
0x55555556323e,2570938,CRASH
0x5555555632ae,11178763,NOINJECT
0x555555563254,11946783,CORRECT
0x55555558a680,1260256,CRASH
0x55555556323b,16206849,CORRECT
0x555555563212,13590996,CORRECT
0x555555563341,4609837,CORRECT
0x555555563254,610818,CORRECT
0x55555558aab6,2009839,CORRECT
0x555555563248,7987126,CORRECT
0x5555555633a9,1311072,CORRECT
0x55555558a606,858218,CORRECT
0x55555556321c,12184205,CRASH
0x555555563298,5338382,CRASH
0x55555556322f,2234592,CORRECT
0x7fffe41eb20a,1510356,NOINJECT
0x55555556328f,5107981,CORRECT
0x5555555633ca,1567835,CORRECT
0x5555555633d8,1355605,NOINJECT
0x5555555631e6,1404546,NOINJECT
0x555555563272,3127292,NOINJECT
0x55555556318f,1123146,NOINJECT
0x555555563298,6466816,CRASH
0x5555555632a4,4775948,SDC
0x55555556320d,7421756,CORRECT
0x555555563287,9692139,NOINJECT
0x555555563226,12663016,CORRECT
0x55555556326f,2444023,CORRECT
0x55555558a68e,1320768,CRASH
0x555555563254,13692391,CORRECT
0x555555563206,11766107,CORRECT
0x555555563239,11384652,CORRECT
0x55555556320d,95632,CORRECT
0x555555563287,14477338,NOINJECT
0x555555563279,8690470,CRASH
0x555555563330,15322768,CORRECT
0x55555556325c,11684380,NOINJECT
0x5555555632ba,10988875,CORRECT
0x55555556324d,4944657,CORRECT
0x55555556323b,15454661,CORRECT
0x55555558ae9a,697401,CRASH
0x5555555632b6,4589081,CRASH
0x555555563226,1957912,CORRECT
0x555555563295,3915437,CORRECT
0x55555556320b,11643441,CORRECT
0x55555558aab1,15893458,CORRECT
0x55555556317d,71463,NOINJECT
0x55555556329d,4517086,NOINJECT
0x55555556336f,1064918,CORRECT
0x5555555632bf,10349055,NOINJECT
0x7fffe41eb252,1524214,NOINJECT
0x555555563275,13974409,CORRECT
0x55555556327b,7828744,CRASH
0x55555558aac1,1595249,CRASH
0x555555563298,6101640,CRASH
0x555555563233,15403060,CORRECT
0x555555563254,8372477,CORRECT
0x555555558f74,375877,CRASH
0x555555563258,11465136,CORRECT
0x555555563258,4808848,CORRECT
0x555555563272,1302000,NOINJECT
0x555555563245,14114997,CORRECT
0x55555556323e,12907097,CRASH
0x555555563272,9309080,NOINJECT
0x55555556322f,8409859,CORRECT
0x55555556326f,5229685,CORRECT
0x5555555632b2,8680597,CRASH
0x55555558a5e7,890368,CORRECT
0x555555558f40,504824,NOINJECT
0x555555563254,1234509,CORRECT
0x55555556322d,8370020,NOINJECT
0x55555556327b,13292109,CRASH
0x5555555631fa,11289713,NOINJECT
0x5555555631fc,3471930,CORRECT
0x5555555633b9,1454731,CORRECT
0x55555556324d,2421210,CORRECT
0x55555558a597,1263592,CORRECT
0x555555563330,6940093,CORRECT
0x55555558aaac,8879996,SDC
0x7fffe41eb219,36693,NOINJECT
0x55555556329d,11283168,NOINJECT
0x55555556335c,1064611,CORRECT
0x55555556333d,7305440,CRASH
0x7fffe41eb236,987592,NOINJECT
0x55555556329d,7147121,NOINJECT
0x55555558a4ce,1451654,NOINJECT
0x55555556323b,3489555,CORRECT
0x555555563252,1242348,NOINJECT
0x5555555631fa,11750388,NOINJECT
0x55555556327b,2678517,SDC
0x555555563243,5123404,NOINJECT
0x55555556320d,12132124,CORRECT
0x555555563341,6210454,CORRECT
0x55555558aab9,15889587,CORRECT
0x55555556329d,12635054,NOINJECT
0x55555556325f,8506064,CORRECT
0x5555555632ba,9242921,CORRECT
0x555555563367,119074,CORRECT
0x55555556326d,6383005,CORRECT
0x555555563263,9677170,CORRECT
0x5555555631f0,7771551,CORRECT
0x5555555632a9,2420670,CORRECT
0x5555555632ba,728720,CRASH
0x55555558aab9,9668784,CORRECT
0x55555558aaac,2251573,SDC
0x7fffe41eb20a,33181,NOINJECT
0x55555556320d,9525127,CORRECT
0x55555556328f,2801010,CORRECT
0x555555563217,1902679,CORRECT
0x555555563280,7765799,CORRECT
0x5555555631e0,1408942,CRASH
0x55555558aabc,9091571,NOINJECT
0x55555556321c,9516522,CRASH
0x555555563263,9065089,CORRECT
0x5555555632fe,638588,NOINJECT
0x5555555632b2,10021506,CRASH
0x55555556322d,6612993,NOINJECT
0x555555563201,13225602,CORRECT
0x555555563360,961822,CORRECT
0x555555563344,10395578,NOINJECT
0x555555563248,8176964,CORRECT
0x55555556320d,4178007,CORRECT
0x5555555631f0,4167101,SDC
0x555555563263,12656562,CORRECT
0x55555558aabc,725106,CRASH
0x5555555632b2,3620262,CRASH
0x7fffe41eb22d,1390389,NOINJECT
0x55555556322d,13373607,NOINJECT
0x5555555632b6,8138558,CRASH
0x55555556324f,1926411,CORRECT
0x555555563334,6549325,CORRECT
0x555555563283,4350459,CORRECT
0x5555555631a4,891791,CRASH
0x555555558f6c,367989,CORRECT
0x555555563338,9214192,CORRECT
0x55555558aea9,665075,SDC
0x555555563266,15036630,CORRECT
0x555555563217,9895333,CORRECT
0x5555555632d4,672808,CORRECT
0x5555555632a9,5311181,CORRECT
0x55555558aab9,1130514,CORRECT
0x5555555632bf,5761845,NOINJECT
0x555555563344,1447880,CRASH
0x55555558aab9,12194817,CORRECT
0x55555556333a,12586517,CORRECT
0x55555556325f,1140637,CORRECT
0x555555563272,2588836,NOINJECT
0x555555563293,9694717,CORRECT
0x55555556327b,12560708,SDC
0x555555563252,15313999,NOINJECT
0x55555558a4c0,1527232,NOINJECT
0x555555563221,10029532,CORRECT
0x55555556321c,277590,CRASH
0x55555556325f,2788829,CORRECT
0x55555558aaa8,6633513,CRASH
0x555555563367,65841,CORRECT
0x55555556322d,3324588,NOINJECT
0x5555555633ac,1292256,NOINJECT
0x55555558aa80,68065,NOINJECT
0x555555563243,5596895,NOINJECT
0x555555563283,5669007,CORRECT
0x55555558ae9f,27923,CRASH
0x555555563252,8422969,NOINJECT
0x555555563298,9568572,CRASH
0x55555556325f,4088370,CORRECT
0x55555556323e,1623211,CRASH
0x5555555632ba,5578894,CORRECT
0x7fffe408838b,1326016,NOINJECT
0x555555563311,1047357,CRASH
0x555555563298,5506107,CRASH
0x55555556333d,9747284,CRASH
0x55555558aa8b,569598,CRASH
0x55555558aab9,14573732,CORRECT
0x5555555632ab,3033926,CORRECT
0x555555563341,9381399,CORRECT
0x555555563243,4080118,NOINJECT
0x55555558aea5,458161,NOINJECT
0x555555563330,8144579,CORRECT
0x55555558aaac,6315297,SDC
0x55555558a4cb,455328,CRASH
0x7fffe41eb246,594600,NOINJECT
0x555555563206,3505386,CRASH
0x55555558a627,1094412,CRASH
0x555555563397,470562,NOINJECT
0x55555556320b,7059795,CORRECT
0x555555563210,8133424,NOINJECT
0x5555555632ae,1081584,NOINJECT
0x5555555632ab,8649115,CORRECT
0x55555558a660,552034,NOINJECT
0x555555558fe7,1353106,CRASH
0x5555555631fa,5275051,NOINJECT
0x55555558aabc,9649388,NOINJECT
0x55555558aab9,34152,CORRECT
0x555555563355,583697,CORRECT
0x555555563252,13090380,NOINJECT
0x55555558a631,43531,SDC
0x555555563272,501367,NOINJECT
0x555555563201,9949298,CORRECT
0x555555563258,4879175,CORRECT
0x5555555632a9,2626043,CORRECT
0x55555556313d,609110,CRASH
0x555555563272,6514725,NOINJECT
0x555555558fdd,234891,CRASH
0x55555558aab6,1724414,CRASH
0x555555563182,66285,CORRECT
0x5555555632ab,11390656,CORRECT
0x55555556324d,14192482,CORRECT
0x55555556324d,2182002,CORRECT
0x555555563252,12486519,NOINJECT
0x5555555631b3,415285,CORRECT
0x55555556329d,122009,NOINJECT
0x555555558f50,123885,CRASH
0x555555563243,1487266,NOINJECT
0x555555563263,5188430,CORRECT
0x5555555632b6,9318205,CORRECT
0x55555558aa80,824485,NOINJECT
0x555555563258,3198140,CORRECT
0x555555563201,14193288,CORRECT
0x55555556333d,8179761,CORRECT
0x55555556326f,12811057,CORRECT
0x55555556324f,13007076,CORRECT
0x555555563223,15516223,CORRECT
0x555555563283,1925352,CORRECT
0x55555558aab6,7889394,CORRECT
0x555555563298,10925064,CORRECT
0x55555558a5a9,1355790,CRASH
0x5555555631fa,13086264,NOINJECT
0x55555556322f,9204585,CORRECT
0x55555556333d,8745630,CRASH
0x555555563206,16016881,CORRECT
0x555555563217,7063647,CORRECT
0x5555555633c1,591632,CORRECT
0x55555558aa8b,1546984,CRASH
0x555555563367,483929,CORRECT
0x7fffe4088380,739511,NOINJECT
0x555555563201,8376905,CORRECT
0x555555563295,898571,CORRECT
0x55555558a5e4,1520535,CORRECT
0x55555556325c,13239840,NOINJECT
0x555555563275,779588,CORRECT
0x55555556328b,5813327,CORRECT
0x55555556325f,15834022,CORRECT
0x555555563221,2238456,CORRECT
0x555555563287,9481659,NOINJECT
0x55555556326d,2419810,CORRECT
0x5555555632c5,961260,CRASH
0x5555555633f1,726837,CRASH
0x55555556333a,5903517,CORRECT
0x555555563223,10553065,CORRECT
0x555555563258,4056798,CORRECT
0x555555563298,3561493,CRASH
0x55555556322f,11311835,CORRECT
0x55555556320b,10481500,CORRECT
0x55555558a4ce,647545,NOINJECT
0x55555558aaa8,2666837,CRASH
0x555555563298,1548131,CRASH
0x555555563217,4611041,CORRECT
0x555555563298,3799500,CORRECT
0x5555555632b6,11791917,CRASH
0x555555563221,4644621,CORRECT
0x555555563252,11839748,NOINJECT
0x55555558a5a9,360496,CRASH
0x55555556326d,4387257,CORRECT
0x555555563313,211816,CRASH
0x555555563254,11136521,SDC
0x5555555631eb,909063,CRASH
0x5555555632ca,538908,CRASH
0x5555555632ae,1722184,NOINJECT
0x555555563212,3436121,CORRECT
0x5555555633a2,310509,NOINJECT
0x555555563254,3148733,CORRECT
0x5555555632ab,3694102,CORRECT
0x5555555632a4,1790374,CORRECT
0x55555556325c,2564492,NOINJECT
0x555555563269,9820448,CORRECT
0x5555555632bf,5616038,NOINJECT
0x55555558aaaf,6965882,CRASH
0x555555563275,15372669,CORRECT
0x555555563338,10772440,CORRECT
0x555555563226,132601,CORRECT
0x55555556323b,5888739,CORRECT
0x55555558aab1,3798978,CORRECT
0x5555555632a1,10429923,CORRECT
0x55555556338b,204589,CORRECT
0x55555558aa90,814214,SDC
0x55555556316e,1032314,NOINJECT
0x55555558aaaf,3914842,CRASH
0x555555563221,4894783,CORRECT
0x55555556323e,10517940,CRASH
0x555555563283,3532489,CORRECT
0x55555556323b,4993043,CORRECT
0x555555563272,11857287,NOINJECT
0x55555556328f,4927034,CORRECT
0x555555563243,855368,NOINJECT
0x7fffe41eb20f,69823,NOINJECT
0x55555558a5e7,171405,CORRECT
0x5555555631f0,12891400,CORRECT
0x5555555632a4,13069671,CORRECT
0x55555556333d,12655078,CORRECT
0x55555556327b,6338809,CRASH
0x55555558aab1,305727,CORRECT
0x55555556328b,4102011,CORRECT
0x55555556328f,14073133,CORRECT
0x5555555632a9,9375670,CORRECT
0x55555556322f,15899530,CORRECT
0x7fffe408838b,489152,NOINJECT
0x5555555632a1,3596425,CORRECT
0x55555558aab6,6611911,CORRECT
0x55555556322d,4969758,NOINJECT
0x5555555632b6,9210860,CORRECT
0x7fffe41eb20a,131708,NOINJECT
0x5555555632a9,10429368,CORRECT
0x55555556326d,7770256,CORRECT
0x55555556337e,1152967,CORRECT
0x555555563269,4434983,CORRECT
0x5555555632a4,13501220,CORRECT
0x55555556320d,11471016,CORRECT
0x5555555632b6,8637805,CORRECT
0x55555556328b,6581120,CORRECT
0x55555558aaac,4267037,SDC
0x55555558aab9,15332694,CORRECT
0x55555558a65c,699118,CORRECT
0x55555558a4ce,1475691,NOINJECT
0x555555563239,11126357,CORRECT
0x55555558aabc,8172513,NOINJECT
0x55555556325f,3770700,CORRECT
0x555555563280,6515141,CORRECT
0x555555563295,10505617,CORRECT
0x555555563334,7584058,CORRECT
0x5555555632b2,13802195,CRASH
0x55555558aab9,13928398,CORRECT
0x555555563243,12011145,NOINJECT
0x555555563295,6294142,CORRECT
0x55555556329d,8251487,NOINJECT
0x55555558aa92,731060,CRASH
0x555555563223,1498902,CORRECT
0x55555556321c,11213685,CRASH
0x55555558aaa8,14836793,CRASH
0x555555563223,12813150,CORRECT
0x55555558a68e,95796,CRASH
0x555555563341,14164736,CORRECT
0x55555558a645,1338148,CORRECT
0x555555563280,11712572,CORRECT
0x5555555632a9,12542863,CORRECT
0x55555558a664,1066770,CORRECT
0x55555556320d,1436045,CORRECT
0x5555555633d8,1505444,NOINJECT
0x555555563233,4396544,CORRECT
0x55555556325c,8267042,NOINJECT
0x555555563383,695218,CORRECT
0x555555563243,2477335,NOINJECT
0x5555555633db,1376726,CORRECT
0x55555558a675,788364,CRASH
0x5555555632bf,3333802,NOINJECT
0x5555555632b2,2454107,CRASH
0x555555563383,843744,CORRECT
0x555555563287,4353798,NOINJECT
0x7fffe41eb214,1273158,NOINJECT
0x555555563239,5307913,CRASH
0x5555555632b6,10660038,CORRECT
0x555555563269,6498906,CORRECT
0x55555556320b,15530406,CORRECT
0x555555563341,12178561,CORRECT
0x5555555631fa,9645328,NOINJECT
0x555555563295,9947110,CORRECT
0x55555558a659,385239,SDC
0x5555555632ae,12315371,NOINJECT
0x555555563344,1393640,CRASH
0x555555558feb,1426063,CORRECT
0x555555563178,1314238,CRASH
0x555555563206,9994264,CRASH
0x555555563221,13445211,CORRECT
0x5555555632b6,15358016,CRASH
0x55555556326d,3390104,CORRECT
0x55555556325f,1520940,CORRECT
0x555555558f69,223613,CORRECT
0x55555558aa97,228291,CRASH
0x5555555633ae,877344,SDC
0x55555558a5ea,1218591,CRASH
0x5555555632b2,1985309,CRASH
0x555555563293,7143381,CORRECT
0x55555556328b,7351680,CORRECT
0x555555563287,2307916,NOINJECT
0x555555563293,3362174,CORRECT
0x55555558a5ea,1296314,CRASH
0x555555563223,3604102,CORRECT
0x555555563269,7081867,CORRECT
0x555555563330,14512249,CORRECT
0x55555556323b,661613,CORRECT
0x55555556325c,8886996,NOINJECT
0x55555556328f,5732400,CORRECT
0x55555556323e,2642984,CORRECT
0x5555555631fc,10895164,CORRECT
0x555555563355,1494266,CORRECT
0x555555563239,4487075,CORRECT
0x55555558a5f8,1324538,SDC
0x555555557454,1122460,CRASH
0x55555556323b,4329478,CORRECT
0x555555557450,243234,NOINJECT
0x5555555632f1,1582447,SDC
0x5555555632a9,7679823,CORRECT
0x555555558f6c,416963,SDC
0x55555556323b,7186137,CORRECT
0x555555563272,10805824,NOINJECT
0x55555556322d,4549095,NOINJECT
0x55555556326d,10446215,CORRECT
0x55555556322f,2238839,CORRECT
0x55555558aea1,33336,CORRECT
0x55555556320b,5739283,CORRECT
0x55555556325f,7726398,CORRECT
0x555555563223,12544615,CORRECT
0x5555555632ab,12243271,CORRECT
0x55555558aaa1,43293,CRASH
0x55555558a4c4,1451487,SDC
0x55555556326d,3861917,CORRECT
0x5555555632a9,8884533,CORRECT
0x555555563201,4490041,CORRECT
0x55555556328f,4243840,CORRECT
0x5555555632a1,452284,CORRECT
0x5555555632ae,12425381,NOINJECT
0x7fffe41eb232,367611,NOINJECT
0x555555563275,14689145,CORRECT
0x55555556330f,1595636,CORRECT
0x555555563263,15064729,CORRECT
0x555555558f75,1025281,CRASH
0x5555555632b2,961724,CRASH
0x555555563338,6867186,CORRECT
0x555555563293,814753,CORRECT
0x555555563239,6814353,CORRECT
0x5555555632ab,11169902,CORRECT
0x55555556324f,3290100,CORRECT
0x55555556320b,142015,CORRECT
0x55555558aac1,1231070,CRASH
0x555555563254,13912381,CORRECT
0x55555558aab1,16415491,CORRECT
0x55555556323e,16030504,CRASH
0x55555558aaaf,7925331,CRASH
0x55555556329d,9611776,NOINJECT
0x55555558aabc,11356047,NOINJECT
0x555555563318,312407,SDC
0x5555555633cd,221793,CORRECT
0x555555563269,3055927,CORRECT
0x555555563206,12722859,CRASH
0x555555563248,6624029,CORRECT
0x555555563330,9276546,CORRECT
0x55555556328b,5623185,CORRECT
0x55555556321c,2905854,CORRECT
0x555555563221,10546803,CORRECT
0x555555563254,16063697,CORRECT
0x55555558a5e4,1050018,CORRECT
0x55555558aea5,923349,NOINJECT
0x55555556323b,15958648,CORRECT
0x55555558aabc,14942578,NOINJECT
0x55555556325c,7125462,NOINJECT
0x555555558fe2,1580168,NOINJECT
0x5555555632ab,5077785,CORRECT
0x555555563338,2440577,CORRECT
0x555555563341,5807419,CORRECT
0x555555563266,2486963,CORRECT
0x5555555631f5,12793724,CORRECT
0x5555555631fa,1114579,NOINJECT
0x5555555631cc,89559,CRASH
0x5555555631f0,2447005,CORRECT
0x55555556326d,6055251,CORRECT
0x555555563269,10554899,CORRECT
0x55555556323b,11231447,CORRECT
0x55555556324d,6459123,CORRECT
0x555555563283,7047121,CORRECT
0x55555558aab1,12162746,CORRECT
0x55555558a5b3,1488630,CRASH
0x55555556333a,8100930,CORRECT
0x55555556328f,12861352,CORRECT
0x55555556323b,15403476,CORRECT
0x55555558a5c7,551705,NOINJECT
0x55555558aaac,11090954,CORRECT
0x555555563217,913866,CORRECT
0x55555556322f,4053355,CORRECT
0x5555555632f1,1349230,CORRECT
0x555555563279,12196493,CRASH
0x555555563223,14457592,CORRECT
0x555555563206,1102155,CRASH
0x55555556320b,2931375,CORRECT
0x5555555632b2,5074211,CRASH
0x55555558aaac,113085,SDC
0x55555558a5ea,564894,CRASH
0x5555555631fa,1628819,NOINJECT
0x555555563298,2577430,CRASH
0x555555563326,1173350,NOINJECT
0x55555556325f,15808509,CORRECT
0x555555563283,12753409,CORRECT
0x555555563269,9936400,CORRECT
0x555555563275,10741714,CORRECT
0x55555558a606,742765,CRASH
0x555555563279,15418366,NOINJECT
0x555555563280,1551656,CORRECT
0x55555556328f,10668853,CORRECT
0x555555563275,8554642,CORRECT
0x555555563341,1696652,CORRECT
0x555555563269,5978420,CORRECT
0x5555555632ba,12808874,CORRECT
0x7fffe41eb252,442891,NOINJECT
0x555555563287,8760316,NOINJECT
0x55555556328b,14465986,CORRECT
0x55555556328f,12298886,CORRECT
0x555555563201,6231603,CORRECT
0x5555555632a1,1399152,CORRECT
0x555555563223,908770,CORRECT
0x555555563376,287609,NOINJECT
0x55555556320d,9387266,CORRECT
0x555555563399,1061360,CORRECT
0x555555563298,7817595,CORRECT
0x5555555631e0,670937,CRASH
0x55555556327b,5922709,CRASH
0x555555563221,14785819,CORRECT
0x555555563210,2773010,NOINJECT
0x555555563258,8786044,CORRECT
0x5555555632bf,6097643,NOINJECT
0x555555563275,8880501,CORRECT
0x55555556326f,10880011,CORRECT
0x55555556328b,9531652,CORRECT
0x555555563221,13946662,CORRECT
0x555555563330,10469546,CORRECT
0x555555563338,13415467,CORRECT
0x55555558aaac,12139783,SDC
0x55555558a63a,1452850,CORRECT
0x55555558a59e,1531349,CORRECT
0x55555558aab1,5174400,CORRECT
0x555555563298,14091494,CRASH
0x7fffe4088380,1341890,NOINJECT
0x55555556333d,5630232,CRASH
0x55555558a664,71703,CRASH
0x555555563334,1869672,CORRECT
0x5555555632ae,11089466,NOINJECT
0x555555563221,12011265,CORRECT
0x555555563252,13686943,NOINJECT
0x55555558aaac,7506280,SDC
0x5555555633be,1383502,NOINJECT
0x55555556328f,4877224,CORRECT
0x555555563221,15653585,CORRECT
0x555555563145,382510,CRASH
0x555555563239,9835306,CORRECT
0x555555563344,5569998,NOINJECT
0x55555556329d,4129829,NOINJECT
0x5555555632bf,8094454,NOINJECT
0x5555555633fb,127997,CRASH
0x55555556322d,10207624,NOINJECT
0x555555563269,6786666,CORRECT
0x5555555632b2,3159995,CRASH
0x555555563210,8540217,NOINJECT
0x555555563344,3582561,NOINJECT
0x555555563346,168672,SDC
0x55555558aaaf,1905192,CRASH
0x555555563355,731519,CORRECT
0x555555558f71,979771,CORRECT
0x555555563269,11506694,CORRECT
0x5555555631fc,1707063,CORRECT
0x555555563212,8588474,CORRECT
0x555555563298,12748882,CORRECT
0x5555555633db,118518,CORRECT
0x7fffe41eb24a,737759,NOINJECT
0x5555555632a4,7971805,CORRECT
0x5555555631fc,11519260,CORRECT
0x5555555633b9,136626,CRASH
0x55555556323b,4479306,CORRECT
0x555555563155,427337,CRASH
0x555555563217,10997616,CORRECT
0x555555563212,8443767,CORRECT
0x555555563217,12558473,CORRECT
0x55555556322d,16144736,NOINJECT
0x55555558a5d3,213709,NOINJECT
0x555555563334,14135768,CORRECT
0x55555558a66a,1015068,NOINJECT
0x555555563275,14537303,CORRECT
0x555555563321,331602,CORRECT
0x555555563239,11576224,CORRECT
0x555555563298,8278092,CRASH
0x555555563279,2211157,CRASH
0x5555555633c8,1497940,CORRECT
0x555555563272,7324925,NOINJECT
0x55555556326d,876524,CORRECT
0x555555563266,8004341,CORRECT
0x555555563334,4719450,CORRECT
0x555555563298,13152791,CRASH
0x55555558aabc,4473120,NOINJECT
0x55555558aac3,39095,CRASH
0x55555556321c,14883082,CRASH
0x555555563223,12605067,CORRECT
0x55555556323e,14108555,CRASH
0x5555555632ab,12384038,CORRECT
0x5555555632bf,15715858,NOINJECT
0x555555563258,1045321,CORRECT
0x55555558aab6,14979877,CORRECT
0x5555555631f0,283224,CORRECT
0x555555563334,7358640,CORRECT
0x5555555633cd,1431153,CORRECT
0x55555556326f,3093252,SDC
0x55555556329d,12244146,NOINJECT
0x55555558a5a5,1458674,CRASH
0x555555563223,3773261,CORRECT
0x55555556333d,453456,CRASH
0x555555563206,12320350,CRASH
0x555555563223,2409494,CORRECT
0x555555563334,5455400,CORRECT
0x555555563283,13552260,CORRECT
0x555555563210,4401366,NOINJECT
0x5555555631fa,3912703,NOINJECT
0x555555563258,189262,CORRECT
0x555555563287,9361596,NOINJECT
0x55555556320b,9194750,CORRECT
0x5555555631f0,3496184,CORRECT
0x55555558a61f,461217,CORRECT
0x5555555631fc,2625016,CORRECT
0x555555563341,11080687,CORRECT
0x55555558a651,1165749,SDC
0x55555558a5c4,1473713,CRASH
0x55555558a651,350989,CRASH
0x555555563223,6632791,CORRECT
0x5555555631f5,9864810,CORRECT
0x5555555633bb,359916,CORRECT
0x555555563275,14456473,CORRECT
0x55555556323b,9898571,CORRECT
0x555555563221,2915005,CORRECT
0x55555556325f,1903883,SDC
0x555555563248,7526029,CORRECT
0x5555555632cf,1457081,CRASH
0x55555558a5e4,153562,CORRECT
0x55555556320b,14776095,CORRECT
0x555555563212,14636225,CORRECT
0x5555555632d9,1060496,CORRECT
0x555555563182,18777,CRASH
0x555555563217,6250854,CORRECT
0x555555563275,13624872,CORRECT
0x5555555632fe,969432,NOINJECT
0x555555563254,11477236,CORRECT
0x5555555632b2,12064000,CRASH
0x55555556322f,14894674,CORRECT
0x55555558aaa8,499756,CRASH
0x5555555631b7,307517,NOINJECT
0x55555558a59e,1457523,CORRECT
0x555555558f71,702906,CORRECT
0x555555558fe7,1605295,CRASH
0x555555563352,525675,NOINJECT
0x555555563355,557330,SDC
0x55555556324f,15986289,CORRECT
0x555555563212,12499908,CORRECT
0x5555555632ba,12755517,CORRECT
0x555555563233,3025065,CORRECT
0x5555555631fc,13826177,CORRECT
0x7fffe41eb232,1553745,NOINJECT
0x555555563341,15149381,CORRECT
0x5555555632bf,1250838,CRASH
0x555555563252,15050724,NOINJECT
0x555555563254,11887092,CORRECT
0x7fffe41eb24f,424609,NOINJECT
0x555555563275,15503461,CORRECT
0x55555558aaac,7386729,SDC
0x55555558a65c,1520521,CORRECT
0x55555556316e,498806,NOINJECT
0x5555555632a4,4753508,CORRECT
0x55555556328b,3256972,CORRECT
0x55555558aaaf,8179635,CRASH
0x5555555632ab,1264906,CORRECT
0x55555558a613,353621,NOINJECT
0x55555556322d,13074304,NOINJECT
0x55555558aab6,6839565,CORRECT
0x5555555632b6,1267326,CRASH
0x55555558aab1,8208897,CORRECT
0x5555555632ab,7320322,CORRECT
0x555555563254,1041617,CORRECT
0x7fffe41eb242,1005073,NOINJECT
0x555555563295,3946010,CORRECT
0x555555558f61,1049080,CRASH
0x55555556322f,1441624,CORRECT
0x5555555575a4,510055,CRASH
0x55555558aa97,221059,CRASH
0x555555563201,15109317,CORRECT
0x55555558aaaf,425807,CRASH
0x555555563338,10070177,CORRECT
0x5555555632ab,5452380,CORRECT
0x555555563254,5018282,CORRECT
0x55555558aabc,5235076,NOINJECT
0x55555556326f,15132895,CORRECT
0x555555563223,13172196,CORRECT
0x5555555632ba,15224714,CORRECT
0x555555563334,10840209,CORRECT
0x555555558f71,1380071,CORRECT
0x55555556325c,11282678,NOINJECT
0x555555563239,13007854,CORRECT
0x55555556327b,925940,CRASH
0x5555555633e0,1600584,CRASH
0x55555558aab9,3827982,CORRECT
0x555555563245,13336101,CORRECT
0x555555563221,10573612,CORRECT
0x55555556333d,14054472,CRASH
0x555555563210,15139546,NOINJECT
0x555555563279,15686819,NOINJECT
0x7fffe4088394,1087315,NOINJECT
0x55555556313d,696878,CRASH
0x55555558a4cc,736053,CRASH
0x55555558aaac,4002416,SDC
0x555555563263,9954262,CORRECT
0x555555563308,1153346,CRASH
0x555555563298,4009407,CRASH
0x55555558aa87,363276,CRASH
0x55555556315e,644721,CRASH
0x5555555632ca,474032,CRASH
0x55555558aab1,7556055,CORRECT
0x5555555633ac,1145323,NOINJECT
0x55555558a5ee,123775,SDC
0x555555563243,2914007,NOINJECT
0x55555556333a,8357967,CORRECT
0x555555563263,1872623,CORRECT
0x555555563295,10113601,CORRECT
0x5555555632a1,8891712,CORRECT
0x55555558aab6,10550922,CORRECT
0x555555563330,11833837,CORRECT
0x555555563210,2567400,NOINJECT
0x55555558a665,627505,CORRECT
0x55555558aac3,853814,CRASH
0x555555563283,6408948,CORRECT
0x55555558aaa8,2708959,CRASH
0x55555556320d,3300564,CORRECT
0x55555556322d,6134661,NOINJECT
0x55555556324d,7299206,CORRECT
0x555555563334,9495555,CORRECT
0x555555563280,8154790,CORRECT
0x555555563243,4607303,NOINJECT
0x55555558aaaf,9985172,CRASH
0x5555555632ae,3188264,NOINJECT
0x55555556323b,10972612,CORRECT
0x55555558a5c7,720142,NOINJECT
0x5555555632ba,6328048,CORRECT
0x55555556329d,2018624,NOINJECT
0x55555558aaa8,10702978,CRASH
0x5555555632bf,9973634,NOINJECT
0x555555563210,3799445,NOINJECT
0x555555558f69,1111615,CORRECT
0x555555563233,8590125,CORRECT
0x7fffe41eb252,1144812,NOINJECT
0x555555563212,821086,CORRECT
0x55555558a659,1477595,CRASH
0x5555555633ae,1589545,SDC
0x555555563248,10350346,CORRECT
0x55555556325f,9611011,CORRECT
0x555555563266,12250654,CRASH
0x5555555632a9,4396165,CORRECT
0x55555556322f,15516540,CORRECT
0x55555558aa85,1296922,CORRECT
0x555555563226,13335838,CORRECT
0x555555563217,4693366,SDC
0x55555556325f,7975215,SDC
0x55555556325c,14742248,NOINJECT
0x55555558a59a,50170,CORRECT
0x555555563226,2322835,CORRECT
0x55555558aab6,8474119,CORRECT
0x555555563272,83435,NOINJECT
0x5555555633a9,1378971,CORRECT
0x555555563301,1567526,SDC
0x555555563243,2010680,NOINJECT
0x5555555631f5,13825584,CORRECT
0x555555563280,8595066,CORRECT
0x555555563334,1594329,CORRECT
0x5555555632ea,134948,SDC
0x555555563352,900907,NOINJECT
0x55555556328f,93860,CORRECT
0x5555555632bf,14562345,NOINJECT
0x55555556328b,11513908,CORRECT
0x55555558ae96,276070,CRASH
0x555555563367,253932,CORRECT
0x5555555632b6,6907793,CORRECT
0x555555563212,14326835,CORRECT
0x555555563254,26045,CORRECT
0x55555558a4c4,344109,CORRECT
0x55555556318f,1137480,NOINJECT
0x55555558aaaf,5393482,CRASH
0x555555563295,13173109,CORRECT
0x55555556323e,2292909,CORRECT
0x555555563201,11925035,CORRECT
0x55555556324d,3249595,CORRECT
0x555555563239,12524989,CORRECT
0x555555563248,13053970,CORRECT
0x55555556321c,15862386,CRASH
0x555555563295,2247254,CORRECT
0x55555556333d,8980159,CORRECT
0x55555558aaaf,2205133,CRASH
0x555555563226,15870251,CORRECT
0x55555558aab1,3504501,CORRECT
0x5555555632b2,1622961,CRASH
0x55555558a655,1282392,CORRECT
0x55555558aabc,7277723,NOINJECT
0x55555556320b,4519345,CORRECT
0x555555563206,3429557,CRASH
0x55555556321c,9023299,CRASH
0x55555558aaaf,4857897,CRASH
0x555555563226,4426309,CORRECT
0x555555563269,1264868,CORRECT
0x55555556321c,3462727,CRASH
0x555555563233,15431523,CORRECT
0x555555563293,13498884,CORRECT
0x55555558a671,687493,CORRECT
0x55555556325c,10067243,NOINJECT
0x5555555631f0,10421348,CORRECT
0x555555563263,9756762,CORRECT
0x55555556336f,1397325,CORRECT
0x555555563352,1504730,NOINJECT
0x555555563269,1256710,CORRECT
0x5555555632cf,249819,CRASH
0x55555558aab1,10760615,CORRECT
0x5555555633e2,252746,CRASH
0x555555563212,7016843,CORRECT
0x555555563287,5313280,NOINJECT
0x5555555632b6,15928246,CRASH
0x555555563341,13698974,CORRECT
0x55555556324f,2764789,CORRECT
0x55555556327b,8648576,CORRECT
0x5555555632a9,5298747,CORRECT
0x555555563210,1278866,NOINJECT
0x55555558aab1,5528728,CORRECT
0x55555556325f,12964165,CORRECT
0x555555563272,13808500,NOINJECT
0x55555556320d,14550294,CORRECT
0x55555558aac2,896796,SDC
0x7fffe41eb24a,1428705,NOINJECT
0x55555556322f,4333647,CORRECT
0x5555555631f5,798876,CORRECT
0x55555556333d,9128080,CRASH
0x555555563283,2417592,CORRECT
0x55555556336f,12761,CORRECT
0x55555556326f,9513215,CORRECT
0x5555555635b4,3321,CRASH
0x55555558aaa8,1489524,CRASH
0x55555556331c,1416158,CORRECT
0x555555563223,126428,CORRECT
0x55555556337e,1087611,CORRECT
0x555555563287,3853166,NOINJECT
0x55555556319b,1170900,CRASH
0x5555555631fc,8643201,CORRECT
0x555555563248,11115365,CORRECT
0x5555555631f5,13353922,CORRECT
0x55555556326d,13589162,CORRECT
0x555555563341,12929032,CORRECT
0x5555555632d4,1360263,CORRECT
0x555555563248,8123242,CORRECT
0x7fffe41eb20a,659338,NOINJECT
0x55555556321c,11374654,CORRECT
0x55555556322d,3564936,NOINJECT
0x55555556324d,14089133,CORRECT
0x555555563239,13724503,CORRECT
0x55555558aab9,11362843,CORRECT
0x555555563226,6159673,CORRECT
0x55555556321c,12536551,CORRECT
0x7fffe41eb24a,1378545,NOINJECT
0x555555563206,1832685,CORRECT
0x555555563223,1382570,CORRECT
0x555555563212,4552250,CORRECT
0x55555556326f,6377199,SDC
0x55555558a5da,1518868,SDC
0x555555558f6c,480348,CORRECT
0x55555558aa88,1347775,CRASH
0x5555555632bf,16131868,NOINJECT
0x55555558a5da,882669,CORRECT
0x555555563298,6982400,CRASH
0x55555556328f,12534455,CORRECT
0x555555563243,1846271,NOINJECT
0x55555556327b,8020768,CRASH
0x55555556321c,3594266,CORRECT
0x5555555633e7,337173,CRASH
0x55555556338b,728649,CORRECT
0x555555563245,4647048,CORRECT
0x55555556328f,10240541,CORRECT
0x5555555633e7,430445,SDC
0x555555563287,3150335,NOINJECT
0x55555558aab1,1562328,CORRECT
0x5555555632b2,4500441,CRASH
0x555555563269,5732458,CORRECT
0x555555563280,12776474,CORRECT
0x55555558a65c,1143578,CORRECT
0x555555563263,9683848,CORRECT
0x555555563272,15929104,NOINJECT
0x555555563275,7403371,CORRECT
0x555555558f61,632063,CRASH
0x55555558aea1,414144,CORRECT
0x555555563245,7395790,CORRECT
0x5555555632b6,9173848,CRASH
0x555555563298,10435103,SDC
0x5555555631c0,887427,NOINJECT
0x5555555632ae,2694242,NOINJECT
0x55555558a5a1,2587,SDC
0x555555563217,2217293,CORRECT
0x5555555631fa,11502004,NOINJECT
0x555555558feb,1395663,SDC
0x55555558aaaf,14160072,CRASH
0x55555558aaaf,4126401,CRASH
0x555555563223,8813703,CORRECT
0x555555563258,16116686,CORRECT
0x5555555631de,1174836,CORRECT
0x5555555632a9,1489545,CORRECT
0x5555555631fa,4471757,NOINJECT
0x555555563295,7659656,CORRECT
0x5555555632ae,6200198,NOINJECT
0x555555563338,5932760,CORRECT
0x5555555632bf,8470958,NOINJECT
0x5555555632bf,5448179,NOINJECT
0x555555563341,12781570,CRASH
0x55555558a62a,610700,NOINJECT
0x555555563341,1386492,CORRECT
0x55555556322f,4981097,CORRECT
0x5555555631fa,9086859,NOINJECT
0x555555563344,10439624,NOINJECT
0x555555563334,1731827,CORRECT
0x5555555632bf,9310715,NOINJECT
0x5555555632a9,3975904,CORRECT
0x5555555631f5,1145927,CORRECT
0x555555563201,12898434,CORRECT
0x555555563248,12069999,CORRECT
0x55555558aaaf,5342065,CRASH
0x55555556320d,6600192,CORRECT
0x55555556325f,5438641,CORRECT
0x555555563266,3596047,CORRECT
0x5555555631f0,419651,CORRECT
0x55555556315e,974977,CRASH
0x555555563392,1508731,CORRECT
0x555555563399,246631,CORRECT
0x5555555632b2,4500541,CRASH
0x5555555631c7,424535,NOINJECT
0x5555555632a4,5093653,CORRECT
0x5555555631fc,14215098,CORRECT
0x555555563341,6405475,SDC
0x555555563245,13989686,CORRECT
0x555555563221,4320802,CORRECT
0x555555563334,2893662,CORRECT
0x55555558aaac,7855151,SDC
0x55555556326f,11134932,CORRECT
0x5555555632a9,5309908,CORRECT
0x5555555633cd,1602777,CORRECT
0x555555563283,4608250,CORRECT
0x7fffe41eb20f,1255049,NOINJECT
0x55555556320b,5673404,CORRECT
0x555555563245,5911187,CORRECT
0x5555555631f0,9728522,CORRECT
0x555555563206,11216850,CRASH
0x555555563206,12935435,CRASH
0x5555555632bf,14462607,NOINJECT
0x5555555632b6,2051757,CORRECT
0x555555563248,11831532,CORRECT
0x55555556320b,2808443,CORRECT
0x55555558aab6,11555297,CORRECT
