ID,PC,Opcode,Bitwidth,Execution_Count,Avg_Latency,MemLevel,BranchCount,Execution_Count_Cum,Avg_Latency_Cum
137,0x55555555516e,ARITH,32.0,3.0,21.33,,0.0,3.0,21.33
138,0x55555555516e,ARITH,32.0,125.0,56.832080000000005,,0.0,128.0,56.0
139,0x55555555516e,ARITH,32.0,125.0,54.78559999999999,,0.0,253.0,55.4
140,0x55555555516e,ARITH,32.0,125.0,55.55120000000002,,0.0,378.0,55.45
141,0x55555555516e,ARITH,32.0,125.0,55.28903999999998,,0.0,503.0,55.41
142,0x55555555516e,ARITH,32.0,125.0,54.25448000000001,,0.0,628.0,55.18
143,0x55555555516e,ARITH,32.0,125.0,223.2496,,0.0,753.0,83.08
144,0x55555555516e,ARITH,32.0,125.0,50.69936000000004,,0.0,878.0,78.47
145,0x55555555516e,ARITH,32.0,125.0,57.60759999999998,,0.0,1003.0,75.87
146,0x55555555516e,ARITH,32.0,125.0,55.566,,0.0,1128.0,73.62
147,0x55555555516e,ARITH,32.0,125.0,51.466959999999965,,0.0,1253.0,71.41
148,0x55555555516e,ARITH,32.0,125.0,59.39383999999997,,0.0,1378.0,70.32
149,0x55555555516e,ARITH,32.0,125.0,53.72688,,0.0,1503.0,68.94
150,0x55555555516e,ARITH,32.0,125.0,55.004320000000064,,0.0,1628.0,67.87
151,0x55555555516e,ARITH,32.0,125.0,55.10815999999991,,0.0,1753.0,66.96
152,0x55555555516e,ARITH,32.0,125.0,57.49488,,0.0,1878.0,66.33
153,0x55555555516e,ARITH,32.0,125.0,53.83128000000003,,0.0,2003.0,65.55
154,0x55555555516e,ARITH,32.0,125.0,56.527280000000026,,0.0,2128.0,65.02
155,0x55555555516e,ARITH,32.0,125.0,55.10680000000005,,0.0,2253.0,64.47
156,0x55555555516e,ARITH,32.0,125.0,54.958,,0.0,2378.0,63.97
157,0x55555555516e,ARITH,32.0,125.0,57.36208000000008,,0.0,2503.0,63.64
158,0x55555555516e,ARITH,32.0,125.0,54.389439999999944,,0.0,2628.0,63.2
159,0x55555555516e,ARITH,32.0,125.0,55.71183999999985,,0.0,2753.0,62.86
160,0x55555555516e,ARITH,32.0,125.0,57.334239999999994,,0.0,2878.0,62.62
161,0x55555555516e,ARITH,32.0,125.0,54.2116000000001,,0.0,3003.0,62.27
162,0x55555555516e,ARITH,32.0,125.0,56.514479999999985,,0.0,3128.0,62.04
163,0x55555555516e,ARITH,32.0,125.0,53.191840000000084,,0.0,3253.0,61.7
164,0x55555555516e,ARITH,32.0,125.0,55.484479999999984,,0.0,3378.0,61.47
165,0x55555555516e,ARITH,32.0,125.0,53.90352000000002,,0.0,3503.0,61.2
166,0x55555555516e,ARITH,32.0,125.0,53.944,,0.0,3628.0,60.95
167,0x55555555516e,ARITH,32.0,125.0,54.344719999999974,,0.0,3753.0,60.73
168,0x55555555516e,ARITH,32.0,125.0,55.455920000000155,,0.0,3878.0,60.56
169,0x55555555516e,ARITH,32.0,125.0,55.115919999999925,,0.0,4003.0,60.39
170,0x55555555516e,ARITH,32.0,125.0,53.78519999999972,,0.0,4128.0,60.19
171,0x55555555516e,ARITH,32.0,125.0,55.08640000000014,,0.0,4253.0,60.04
172,0x55555555516e,ARITH,32.0,125.0,54.78639999999991,,0.0,4378.0,59.89
173,0x55555555516e,ARITH,32.0,125.0,53.40568000000017,,0.0,4503.0,59.71
174,0x55555555516e,ARITH,32.0,125.0,56.007600000000096,,0.0,4628.0,59.61
175,0x55555555516e,ARITH,32.0,125.0,55.04712000000011,,0.0,4753.0,59.49
176,0x55555555516e,ARITH,32.0,125.0,56.758319999999834,,0.0,4878.0,59.42
177,0x55555555516e,ARITH,32.0,125.0,56.21808000000007,,0.0,5003.0,59.34
178,0x55555555516e,ARITH,32.0,125.0,50.72495999999996,,0.0,5128.0,59.13
179,0x55555555516e,ARITH,32.0,125.0,56.188319999999834,,0.0,5253.0,59.06
180,0x55555555516e,ARITH,32.0,125.0,55.18783999999985,,0.0,5378.0,58.97
181,0x55555555516e,ARITH,32.0,125.0,55.448080000000076,,0.0,5503.0,58.89
182,0x55555555516e,ARITH,32.0,125.0,52.58664000000013,,0.0,5628.0,58.75
183,0x55555555516e,ARITH,32.0,125.0,53.22712000000011,,0.0,5753.0,58.63
184,0x55555555516e,ARITH,32.0,125.0,53.92760000000009,,0.0,5878.0,58.53
185,0x55555555516e,ARITH,32.0,125.0,53.24735999999987,,0.0,6003.0,58.42
186,0x55555555516e,ARITH,32.0,125.0,53.517600000000094,,0.0,6128.0,58.32
187,0x55555555516e,ARITH,32.0,125.0,55.31855999999959,,0.0,6253.0,58.26
188,0x55555555516e,ARITH,32.0,125.0,56.72928000000026,,0.0,6378.0,58.23
189,0x55555555516e,ARITH,32.0,125.0,55.62879999999981,,0.0,6503.0,58.18
190,0x55555555516e,ARITH,32.0,125.0,54.998560000000055,,0.0,6628.0,58.12
191,0x55555555516e,ARITH,32.0,125.0,58.12,,0.0,6753.0,58.12
192,0x55555555516e,ARITH,32.0,125.0,56.46928000000026,,0.0,6878.0,58.09
193,0x55555555516e,ARITH,32.0,125.0,55.28879999999982,,0.0,7003.0,58.04
194,0x55555555516e,ARITH,32.0,125.0,56.3292799999998,,0.0,7128.0,58.01
195,0x55555555516e,ARITH,32.0,125.0,55.10880000000028,,0.0,7253.0,57.96
196,0x55555555516e,ARITH,32.0,125.0,53.828319999999835,,0.0,7378.0,57.89
197,0x55555555516e,ARITH,32.0,125.0,54.288560000000054,,0.0,7503.0,57.83
198,0x55555555516e,ARITH,32.0,125.0,54.168560000000056,,0.0,7628.0,57.77
199,0x55555555516e,ARITH,32.0,125.0,54.04856000000006,,0.0,7753.0,57.71
200,0x55555555516e,ARITH,32.0,125.0,52.668080000000074,,0.0,7878.0,57.63
201,0x55555555516e,ARITH,32.0,125.0,53.788560000000054,,0.0,8003.0,57.57
202,0x55555555516e,ARITH,32.0,125.0,53.01831999999983,,0.0,8128.0,57.5
203,0x55555555516e,ARITH,32.0,125.0,54.19880000000028,,0.0,8253.0,57.45
204,0x55555555516e,ARITH,32.0,125.0,52.758319999999834,,0.0,8378.0,57.38
205,0x55555555516e,ARITH,32.0,125.0,51.93807999999961,,0.0,8503.0,57.3
206,0x55555555516e,ARITH,32.0,125.0,55.22928000000073,,0.0,8628.0,57.27
207,0x55555555516e,ARITH,32.0,125.0,57.27,,0.0,8753.0,57.27
208,0x55555555516e,ARITH,32.0,125.0,54.429039999999105,,0.0,8878.0,57.23
209,0x55555555516e,ARITH,32.0,125.0,55.069280000000724,,0.0,9003.0,57.2
210,0x55555555516e,ARITH,32.0,125.0,53.548799999999815,,0.0,9128.0,57.15
211,0x55555555516e,ARITH,32.0,125.0,57.14999999999954,,0.0,9253.0,57.15
212,0x55555555516e,ARITH,32.0,125.0,51.14808000000007,,0.0,9378.0,57.07
213,0x55555555516e,ARITH,32.0,125.0,55.549520000000484,,0.0,9503.0,57.05
214,0x55555555516e,ARITH,32.0,125.0,55.509519999999554,,0.0,9628.0,57.03
215,0x55555555516e,ARITH,32.0,125.0,53.12879999999981,,0.0,9753.0,56.98
216,0x55555555516e,ARITH,32.0,125.0,52.23856000000052,,0.0,9878.0,56.92
217,0x55555555516e,ARITH,32.0,125.0,51.3183200000003,,0.0,10003.0,56.85
218,0x55555555516e,ARITH,32.0,125.0,54.41927999999933,,0.0,10128.0,56.82
219,0x55555555516e,ARITH,32.0,125.0,56.82,,0.0,10253.0,56.82
220,0x55555555516e,ARITH,32.0,125.0,56.82,,0.0,10378.0,56.82
221,0x55555555516e,ARITH,32.0,125.0,55.13952000000049,,0.0,10503.0,56.8
222,0x55555555516e,ARITH,32.0,125.0,53.399040000000035,,0.0,10628.0,56.76
223,0x55555555516e,ARITH,32.0,125.0,54.17927999999933,,0.0,10753.0,56.73
224,0x55555555516e,ARITH,32.0,125.0,54.98952000000048,,0.0,10878.0,56.71
225,0x55555555516e,ARITH,32.0,125.0,55.82975999999978,,0.0,11003.0,56.7
226,0x55555555516e,ARITH,32.0,125.0,56.7,,0.0,11128.0,56.7
227,0x55555555516e,ARITH,32.0,125.0,53.99928000000026,,0.0,11253.0,56.67
228,0x55555555516e,ARITH,32.0,125.0,57.580240000000224,,0.0,11378.0,56.68
229,0x55555555516e,ARITH,32.0,125.0,55.75975999999978,,0.0,11503.0,56.67
230,0x55555555516e,ARITH,32.0,125.0,58.530479999999514,,0.0,11628.0,56.69
231,0x55555555516e,ARITH,32.0,125.0,55.749760000000705,,0.0,11753.0,56.68
232,0x55555555516e,ARITH,32.0,125.0,55.72975999999978,,0.0,11878.0,56.67
233,0x55555555516e,ARITH,32.0,125.0,57.63024000000022,,0.0,12003.0,56.68
234,0x55555555516e,ARITH,32.0,125.0,54.73951999999955,,0.0,12128.0,56.66
235,0x55555555516e,ARITH,32.0,125.0,58.62048000000045,,0.0,12253.0,56.68
236,0x55555555516e,ARITH,32.0,125.0,55.68975999999978,,0.0,12378.0,56.67
237,0x55555555516e,ARITH,32.0,125.0,53.66928000000026,,0.0,12503.0,56.64
238,0x55555555516e,ARITH,32.0,125.0,53.60927999999933,,0.0,12628.0,56.61
239,0x55555555516e,ARITH,32.0,125.0,54.56952000000049,,0.0,12753.0,56.59
240,0x55555555516e,ARITH,32.0,125.0,54.52951999999955,,0.0,12878.0,56.57
241,0x55555555516e,ARITH,32.0,125.0,55.52976000000071,,0.0,13003.0,56.56
242,0x55555555516e,ARITH,32.0,125.0,54.45951999999955,,0.0,13128.0,56.54
243,0x55555555516e,ARITH,32.0,125.0,53.35928000000026,,0.0,13253.0,56.51
244,0x55555555516e,ARITH,32.0,125.0,55.43975999999978,,0.0,13378.0,56.5
245,0x55555555516e,ARITH,32.0,125.0,56.5,,0.0,13503.0,56.5
246,0x55555555516e,ARITH,32.0,125.0,54.31951999999955,,0.0,13628.0,56.48
247,0x55555555516e,ARITH,32.0,125.0,52.079040000000035,,0.0,13753.0,56.44
248,0x55555555516e,ARITH,32.0,125.0,56.44,,0.0,13878.0,56.44
249,0x55555555516e,ARITH,32.0,125.0,56.44,,0.0,14003.0,56.44
250,0x55555555516e,ARITH,32.0,125.0,55.30976000000071,,0.0,14128.0,56.43
251,0x55555555516e,ARITH,32.0,125.0,55.289759999999774,,0.0,14253.0,56.42
252,0x55555555516e,ARITH,32.0,125.0,56.42,,0.0,14378.0,56.42
253,0x55555555516e,ARITH,32.0,125.0,56.42,,0.0,14503.0,56.42
254,0x55555555516e,ARITH,32.0,125.0,52.90928000000026,,0.0,14628.0,56.39
255,0x55555555516e,ARITH,32.0,125.0,52.84927999999933,,0.0,14753.0,56.36
256,0x55555555516e,ARITH,32.0,125.0,56.36,,0.0,14878.0,56.36
257,0x55555555516e,ARITH,32.0,125.0,53.95952000000048,,0.0,15003.0,56.34
258,0x55555555516e,ARITH,32.0,125.0,52.70928000000026,,0.0,15128.0,56.31
259,0x55555555516e,ARITH,32.0,125.0,55.08975999999885,,0.0,15253.0,56.3
260,0x55555555516e,ARITH,32.0,125.0,55.069760000000706,,0.0,15378.0,56.29
261,0x55555555516e,ARITH,32.0,125.0,52.56927999999933,,0.0,15503.0,56.26
262,0x55555555516e,ARITH,32.0,125.0,56.26,,0.0,15628.0,56.26
263,0x55555555516e,ARITH,32.0,125.0,51.219040000000966,,0.0,15753.0,56.22
264,0x55555555516e,ARITH,32.0,125.0,56.22,,0.0,15878.0,56.22
265,0x55555555516e,ARITH,32.0,125.0,58.780480000000445,,0.0,16003.0,56.24
266,0x55555555516e,ARITH,32.0,125.0,52.36927999999933,,0.0,16128.0,56.21
267,0x55555555516e,ARITH,32.0,125.0,54.90976000000071,,0.0,16253.0,56.2
268,0x55555555516e,ARITH,32.0,125.0,56.2,,0.0,16378.0,56.2
269,0x55555555516e,ARITH,32.0,125.0,54.879759999998846,,0.0,16503.0,56.19
270,0x55555555516e,ARITH,32.0,125.0,54.859760000000705,,0.0,16628.0,56.18
271,0x55555555516e,ARITH,32.0,125.0,56.18,,0.0,16753.0,56.18
272,0x55555555516e,ARITH,32.0,125.0,54.82975999999978,,0.0,16878.0,56.17
273,0x55555555516e,ARITH,32.0,125.0,53.44951999999955,,0.0,17003.0,56.15
274,0x55555555516e,ARITH,32.0,125.0,56.15,,0.0,17128.0,56.15
275,0x55555555516e,ARITH,32.0,125.0,54.76976000000071,,0.0,17253.0,56.14
276,0x55555555516e,ARITH,32.0,125.0,56.14,,0.0,17378.0,56.14
277,0x55555555516e,ARITH,32.0,125.0,54.73975999999978,,0.0,17503.0,56.13
278,0x55555555516e,ARITH,32.0,125.0,53.30951999999955,,0.0,17628.0,56.11
279,0x55555555516e,ARITH,32.0,125.0,57.53024000000023,,0.0,17753.0,56.12
280,0x55555555516e,ARITH,32.0,125.0,60.41071999999974,,0.0,17878.0,56.15
281,0x55555555516e,ARITH,32.0,125.0,54.709760000000706,,0.0,18003.0,56.14
282,0x55555555516e,ARITH,32.0,125.0,54.68975999999978,,0.0,18128.0,56.13
283,0x55555555516e,ARITH,32.0,125.0,57.59024000000022,,0.0,18253.0,56.14
284,0x55555555516e,ARITH,32.0,125.0,56.14,,0.0,18378.0,56.14
285,0x55555555516e,ARITH,32.0,125.0,54.65975999999978,,0.0,18503.0,56.13
286,0x55555555516e,ARITH,32.0,125.0,56.13,,0.0,18628.0,56.13
287,0x55555555516e,ARITH,32.0,125.0,53.12952000000048,,0.0,18753.0,56.11
288,0x55555555516e,ARITH,32.0,125.0,56.11,,0.0,18878.0,56.11
289,0x55555555516e,ARITH,32.0,125.0,53.06951999999955,,0.0,19003.0,56.09
290,0x55555555516e,ARITH,32.0,125.0,56.09,,0.0,19128.0,56.09
291,0x55555555516e,ARITH,32.0,125.0,57.63024000000022,,0.0,19253.0,56.1
292,0x55555555516e,ARITH,32.0,125.0,54.54975999999978,,0.0,19378.0,56.09
293,0x55555555516e,ARITH,32.0,125.0,52.969519999999555,,0.0,19503.0,56.07
294,0x55555555516e,ARITH,32.0,125.0,54.499759999999775,,0.0,19628.0,56.06
295,0x55555555516e,ARITH,32.0,125.0,52.899519999999555,,0.0,19753.0,56.04
296,0x55555555516e,ARITH,32.0,125.0,56.04,,0.0,19878.0,56.04
297,0x55555555516e,ARITH,32.0,125.0,54.43976000000164,,0.0,20003.0,56.03
298,0x55555555516e,ARITH,32.0,125.0,54.419759999999776,,0.0,20128.0,56.02
299,0x55555555516e,ARITH,32.0,125.0,54.39975999999977,,0.0,20253.0,56.01
300,0x55555555516e,ARITH,32.0,125.0,54.37975999999978,,0.0,20378.0,56.0
301,0x55555555516e,ARITH,32.0,125.0,52.719519999999555,,0.0,20503.0,55.98
302,0x55555555516e,ARITH,32.0,125.0,55.98,,0.0,20628.0,55.98
303,0x55555555516e,ARITH,32.0,125.0,55.98,,0.0,20753.0,55.98
304,0x55555555516e,ARITH,32.0,125.0,54.30975999999978,,0.0,20878.0,55.97
305,0x55555555516e,ARITH,32.0,125.0,54.28976000000164,,0.0,21003.0,55.96
306,0x55555555516e,ARITH,32.0,125.0,54.26975999999978,,0.0,21128.0,55.95
307,0x55555555516e,ARITH,32.0,125.0,54.249759999999775,,0.0,21253.0,55.94
308,0x55555555516e,ARITH,32.0,125.0,54.22975999999978,,0.0,21378.0,55.93
309,0x55555555516e,ARITH,32.0,125.0,54.209759999999775,,0.0,21503.0,55.92
310,0x55555555516e,ARITH,32.0,125.0,54.18975999999978,,0.0,21628.0,55.91
311,0x55555555516e,ARITH,32.0,125.0,55.91,,0.0,21753.0,55.91
312,0x55555555516e,ARITH,32.0,125.0,54.15975999999978,,0.0,21878.0,55.9
313,0x55555555516e,ARITH,32.0,125.0,52.37952000000141,,0.0,22003.0,55.88
314,0x55555555516e,ARITH,32.0,125.0,57.65023999999836,,0.0,22128.0,55.89
315,0x55555555516e,ARITH,32.0,125.0,57.67024000000022,,0.0,22253.0,55.9
316,0x55555555516e,ARITH,32.0,125.0,52.31952000000142,,0.0,22378.0,55.88
317,0x55555555516e,ARITH,32.0,125.0,57.68023999999836,,0.0,22503.0,55.89
318,0x55555555516e,ARITH,32.0,125.0,54.07976000000164,,0.0,22628.0,55.88
319,0x55555555516e,ARITH,32.0,125.0,55.88,,0.0,22753.0,55.88
320,0x55555555516e,ARITH,32.0,125.0,52.219519999999555,,0.0,22878.0,55.86
321,0x55555555516e,ARITH,32.0,125.0,55.86,,0.0,23003.0,55.86
322,0x55555555516e,ARITH,32.0,125.0,57.71023999999836,,0.0,23128.0,55.87
323,0x55555555516e,ARITH,32.0,125.0,55.87,,0.0,23253.0,55.87
324,0x55555555516e,ARITH,32.0,125.0,55.87,,0.0,23378.0,55.87
325,0x55555555516e,ARITH,32.0,125.0,55.87,,0.0,23503.0,55.87
326,0x55555555516e,ARITH,32.0,125.0,53.97976000000164,,0.0,23628.0,55.86
327,0x55555555516e,ARITH,32.0,125.0,55.86,,0.0,23753.0,55.86
328,0x55555555516e,ARITH,32.0,125.0,59.68048000000045,,0.0,23878.0,55.88
329,0x55555555516e,ARITH,32.0,125.0,57.80023999999836,,0.0,24003.0,55.89
330,0x55555555516e,ARITH,32.0,125.0,55.89,,0.0,24128.0,55.89
331,0x55555555516e,ARITH,32.0,125.0,55.89,,0.0,24253.0,55.89
332,0x55555555516e,ARITH,32.0,125.0,55.89,,0.0,24378.0,55.89
333,0x55555555516e,ARITH,32.0,125.0,55.89,,0.0,24503.0,55.89
334,0x55555555516e,ARITH,32.0,125.0,55.89,,0.0,24628.0,55.89
335,0x55555555516e,ARITH,32.0,125.0,55.89,,0.0,24753.0,55.89
336,0x55555555516e,ARITH,32.0,125.0,57.88024000000022,,0.0,24878.0,55.9
337,0x55555555516e,ARITH,32.0,125.0,53.89975999999977,,0.0,25003.0,55.89
338,0x55555555516e,ARITH,32.0,125.0,57.900240000000224,,0.0,25128.0,55.9
339,0x55555555516e,ARITH,32.0,125.0,55.9,,0.0,25253.0,55.9
340,0x55555555516e,ARITH,32.0,125.0,53.86975999999978,,0.0,25378.0,55.89
341,0x55555555516e,ARITH,32.0,125.0,55.89,,0.0,25503.0,55.89
342,0x55555555516e,ARITH,32.0,125.0,55.89,,0.0,25628.0,55.89
343,0x55555555516e,ARITH,32.0,125.0,53.82976000000164,,0.0,25753.0,55.88
344,0x55555555516e,ARITH,32.0,125.0,53.809759999997915,,0.0,25878.0,55.87
345,0x55555555516e,ARITH,32.0,125.0,57.95024000000208,,0.0,26003.0,55.88
346,0x55555555516e,ARITH,32.0,125.0,53.78975999999791,,0.0,26128.0,55.87
347,0x55555555516e,ARITH,32.0,125.0,55.87,,0.0,26253.0,55.87
348,0x55555555516e,ARITH,32.0,125.0,53.75976000000164,,0.0,26378.0,55.86
349,0x55555555516e,ARITH,32.0,125.0,55.86,,0.0,26503.0,55.86
350,0x55555555516e,ARITH,32.0,125.0,53.72975999999978,,0.0,26628.0,55.85
351,0x55555555516e,ARITH,32.0,125.0,53.709759999999775,,0.0,26753.0,55.84
352,0x55555555516e,ARITH,32.0,125.0,53.68975999999978,,0.0,26878.0,55.83
353,0x55555555516e,ARITH,32.0,125.0,57.99024000000022,,0.0,27003.0,55.84
354,0x55555555516e,ARITH,32.0,125.0,58.01024000000022,,0.0,27128.0,55.85
355,0x55555555516e,ARITH,32.0,125.0,53.669759999999776,,0.0,27253.0,55.84
356,0x55555555516e,ARITH,32.0,125.0,53.64975999999977,,0.0,27378.0,55.83
357,0x55555555516e,ARITH,32.0,125.0,55.83,,0.0,27503.0,55.83
358,0x55555555516e,ARITH,32.0,125.0,53.61975999999978,,0.0,27628.0,55.82
359,0x55555555516e,ARITH,32.0,125.0,58.040240000000225,,0.0,27753.0,55.83
360,0x55555555516e,ARITH,32.0,125.0,53.599759999999776,,0.0,27878.0,55.82
361,0x55555555516e,ARITH,32.0,125.0,55.82,,0.0,28003.0,55.82
362,0x55555555516e,ARITH,32.0,125.0,53.56976000000164,,0.0,28128.0,55.81
363,0x55555555516e,ARITH,32.0,125.0,55.81,,0.0,28253.0,55.81
364,0x55555555516e,ARITH,32.0,125.0,53.53975999999791,,0.0,28378.0,55.8
365,0x55555555516e,ARITH,32.0,125.0,55.8,,0.0,28503.0,55.8
366,0x55555555516e,ARITH,32.0,125.0,55.8,,0.0,28628.0,55.8
367,0x55555555516e,ARITH,32.0,125.0,55.8,,0.0,28753.0,55.8
368,0x55555555516e,ARITH,32.0,125.0,55.8,,0.0,28878.0,55.8
369,0x55555555516e,ARITH,32.0,125.0,53.47975999999978,,0.0,29003.0,55.79
370,0x55555555516e,ARITH,32.0,125.0,55.79,,0.0,29128.0,55.79
371,0x55555555516e,ARITH,32.0,125.0,53.44976000000164,,0.0,29253.0,55.78
372,0x55555555516e,ARITH,32.0,125.0,51.079519999999555,,0.0,29378.0,55.76
373,0x55555555516e,ARITH,32.0,125.0,58.12024000000022,,0.0,29503.0,55.77
374,0x55555555516e,ARITH,32.0,125.0,53.39975999999977,,0.0,29628.0,55.76
375,0x55555555516e,ARITH,32.0,125.0,58.140240000000226,,0.0,29753.0,55.77
376,0x55555555516e,ARITH,32.0,125.0,53.37975999999978,,0.0,29878.0,55.76
377,0x55555555516e,ARITH,32.0,125.0,53.359759999999774,,0.0,30003.0,55.75
378,0x55555555516e,ARITH,32.0,125.0,55.75,,0.0,30128.0,55.75
379,0x55555555516e,ARITH,32.0,125.0,58.17024000000022,,0.0,30253.0,55.76
380,0x55555555516e,ARITH,32.0,125.0,58.19024000000022,,0.0,30378.0,55.77
381,0x55555555516e,ARITH,32.0,125.0,55.77,,0.0,30503.0,55.77
382,0x55555555516e,ARITH,32.0,125.0,55.77,,0.0,30628.0,55.77
383,0x55555555516e,ARITH,32.0,125.0,55.77,,0.0,30753.0,55.77
384,0x55555555516e,ARITH,32.0,125.0,53.29975999999978,,0.0,30878.0,55.76
385,0x55555555516e,ARITH,32.0,125.0,55.76,,0.0,31003.0,55.76
386,0x55555555516e,ARITH,32.0,125.0,58.250240000000225,,0.0,31128.0,55.77
387,0x55555555516e,ARITH,32.0,125.0,53.26975999999978,,0.0,31253.0,55.76
388,0x55555555516e,ARITH,32.0,125.0,55.76,,0.0,31378.0,55.76
389,0x55555555516e,ARITH,32.0,125.0,53.23975999999978,,0.0,31503.0,55.75
390,0x55555555516e,ARITH,32.0,125.0,58.28024000000023,,0.0,31628.0,55.76
391,0x55555555516e,ARITH,32.0,125.0,55.76,,0.0,31753.0,55.76
392,0x55555555516e,ARITH,32.0,125.0,53.209759999999775,,0.0,31878.0,55.75
393,0x55555555516e,ARITH,32.0,125.0,53.18975999999978,,0.0,32003.0,55.74
394,0x55555555516e,ARITH,32.0,125.0,55.74,,0.0,32128.0,55.74
395,0x55555555516e,ARITH,32.0,125.0,53.15975999999978,,0.0,32253.0,55.73
396,0x55555555516e,ARITH,32.0,125.0,58.320240000000226,,0.0,32378.0,55.74
397,0x55555555516e,ARITH,32.0,125.0,58.34024000000022,,0.0,32503.0,55.75
398,0x55555555516e,ARITH,32.0,125.0,58.360240000000225,,0.0,32628.0,55.76
399,0x55555555516e,ARITH,32.0,125.0,55.76,,0.0,32753.0,55.76
400,0x55555555516e,ARITH,32.0,125.0,53.12975999999978,,0.0,32878.0,55.75
401,0x55555555516e,ARITH,32.0,125.0,53.109759999999774,,0.0,33003.0,55.74
402,0x55555555516e,ARITH,32.0,125.0,55.74,,0.0,33128.0,55.74
403,0x55555555516e,ARITH,32.0,125.0,55.74,,0.0,33253.0,55.74
404,0x55555555516e,ARITH,32.0,125.0,55.74,,0.0,33378.0,55.74
405,0x55555555516e,ARITH,32.0,125.0,53.05975999999978,,0.0,33503.0,55.73
406,0x55555555516e,ARITH,32.0,125.0,55.73,,0.0,33628.0,55.73
407,0x55555555516e,ARITH,32.0,125.0,55.73,,0.0,33753.0,55.73
408,0x55555555516e,ARITH,32.0,125.0,58.44024000000022,,0.0,33878.0,55.74
409,0x55555555516e,ARITH,32.0,125.0,55.74,,0.0,34003.0,55.74
410,0x55555555516e,ARITH,32.0,125.0,55.74,,0.0,34128.0,55.74
411,0x55555555516e,ARITH,32.0,125.0,55.74,,0.0,34253.0,55.74
412,0x55555555516e,ARITH,32.0,125.0,55.74,,0.0,34378.0,55.74
413,0x55555555516e,ARITH,32.0,125.0,55.74,,0.0,34503.0,55.74
414,0x55555555516e,ARITH,32.0,125.0,52.96975999999977,,0.0,34628.0,55.73
415,0x55555555516e,ARITH,32.0,125.0,55.73,,0.0,34753.0,55.73
416,0x55555555516e,ARITH,32.0,125.0,52.93975999999978,,0.0,34878.0,55.72
417,0x55555555516e,ARITH,32.0,125.0,55.72,,0.0,35003.0,55.72
418,0x55555555516e,ARITH,32.0,125.0,55.72,,0.0,35128.0,55.72
419,0x55555555516e,ARITH,32.0,125.0,52.89976000000164,,0.0,35253.0,55.71
420,0x55555555516e,ARITH,32.0,125.0,55.71,,0.0,35378.0,55.71
421,0x55555555516e,ARITH,32.0,125.0,55.71,,0.0,35503.0,55.71
422,0x55555555516e,ARITH,32.0,125.0,58.56023999999836,,0.0,35628.0,55.72
423,0x55555555516e,ARITH,32.0,125.0,55.72,,0.0,35753.0,55.72
424,0x55555555516e,ARITH,32.0,125.0,55.72,,0.0,35878.0,55.72
425,0x55555555516e,ARITH,32.0,125.0,58.60024000000023,,0.0,36003.0,55.73
426,0x55555555516e,ARITH,32.0,125.0,55.73,,0.0,36128.0,55.73
427,0x55555555516e,ARITH,32.0,125.0,52.82975999999978,,0.0,36253.0,55.72
428,0x55555555516e,ARITH,32.0,125.0,52.80976000000164,,0.0,36378.0,55.71
429,0x55555555516e,ARITH,32.0,125.0,58.63023999999836,,0.0,36503.0,55.72
430,0x55555555516e,ARITH,32.0,125.0,55.72,,0.0,36628.0,55.72
431,0x55555555516e,ARITH,32.0,125.0,58.66024000000022,,0.0,36753.0,55.73
432,0x55555555516e,ARITH,32.0,125.0,55.73,,0.0,36878.0,55.73
433,0x55555555516e,ARITH,32.0,125.0,55.73,,0.0,37003.0,55.73
434,0x55555555516e,ARITH,32.0,125.0,58.70024000000022,,0.0,37128.0,55.74
435,0x55555555516e,ARITH,32.0,125.0,55.74,,0.0,37253.0,55.74
436,0x55555555516e,ARITH,32.0,125.0,55.74,,0.0,37378.0,55.74
437,0x55555555516e,ARITH,32.0,125.0,55.74,,0.0,37503.0,55.74
438,0x55555555516e,ARITH,32.0,125.0,55.740000000001864,,0.0,37628.0,55.74
439,0x55555555516e,ARITH,32.0,125.0,55.74,,0.0,37753.0,55.74
440,0x55555555516e,ARITH,32.0,125.0,58.77023999999836,,0.0,37878.0,55.75
441,0x55555555516e,ARITH,32.0,125.0,55.75,,0.0,38003.0,55.75
442,0x55555555516e,ARITH,32.0,125.0,55.75,,0.0,38128.0,55.75
443,0x55555555516e,ARITH,32.0,125.0,55.75,,0.0,38253.0,55.75
444,0x55555555516e,ARITH,32.0,125.0,55.75,,0.0,38378.0,55.75
445,0x55555555516e,ARITH,32.0,125.0,52.66976000000164,,0.0,38503.0,55.74
446,0x55555555516e,ARITH,32.0,125.0,52.64975999999791,,0.0,38628.0,55.73
447,0x55555555516e,ARITH,32.0,125.0,55.73,,0.0,38753.0,55.73
448,0x55555555516e,ARITH,32.0,125.0,55.73,,0.0,38878.0,55.73
449,0x55555555516e,ARITH,32.0,125.0,55.73,,0.0,39003.0,55.73
450,0x55555555516e,ARITH,32.0,125.0,58.860240000002086,,0.0,39128.0,55.74
451,0x55555555516e,ARITH,32.0,125.0,55.74,,0.0,39253.0,55.74
452,0x55555555516e,ARITH,32.0,125.0,52.589759999997916,,0.0,39378.0,55.73
453,0x55555555516e,ARITH,32.0,125.0,58.89024000000209,,0.0,39503.0,55.74
454,0x55555555516e,ARITH,32.0,125.0,52.56975999999791,,0.0,39628.0,55.73
455,0x55555555516e,ARITH,32.0,125.0,58.910240000002084,,0.0,39753.0,55.74
456,0x55555555516e,ARITH,32.0,125.0,49.359519999999556,,0.0,39878.0,55.72
457,0x55555555516e,ARITH,32.0,125.0,55.72,,0.0,40003.0,55.72
458,0x55555555516e,ARITH,32.0,125.0,55.72,,0.0,40128.0,55.72
459,0x55555555516e,ARITH,32.0,125.0,55.72,,0.0,40253.0,55.72
460,0x55555555516e,ARITH,32.0,125.0,52.489759999997915,,0.0,40378.0,55.71
461,0x55555555516e,ARITH,32.0,125.0,58.95024000000208,,0.0,40503.0,55.72
462,0x55555555516e,ARITH,32.0,125.0,55.72,,0.0,40628.0,55.72
463,0x55555555516e,ARITH,32.0,125.0,49.19951999999955,,0.0,40753.0,55.7
464,0x55555555516e,ARITH,32.0,125.0,55.7,,0.0,40878.0,55.7
465,0x55555555516e,ARITH,32.0,125.0,52.419759999997915,,0.0,41003.0,55.69
466,0x55555555516e,ARITH,32.0,125.0,52.39976000000164,,0.0,41128.0,55.68
467,0x55555555516e,ARITH,32.0,125.0,52.37976000000164,,0.0,41253.0,55.67
468,0x55555555516e,ARITH,32.0,125.0,55.67,,0.0,41378.0,55.67
469,0x55555555516e,ARITH,32.0,125.0,52.349759999997914,,0.0,41503.0,55.66
470,0x55555555516e,ARITH,32.0,125.0,55.66,,0.0,41628.0,55.66
471,0x55555555516e,ARITH,32.0,125.0,55.66,,0.0,41753.0,55.66
472,0x55555555516e,ARITH,32.0,125.0,52.309759999997915,,0.0,41878.0,55.65
473,0x55555555516e,ARITH,32.0,125.0,55.65,,0.0,42003.0,55.65
474,0x55555555516e,ARITH,32.0,125.0,55.65,,0.0,42128.0,55.65
475,0x55555555516e,ARITH,32.0,125.0,55.65,,0.0,42253.0,55.65
476,0x55555555516e,ARITH,32.0,125.0,55.65,,0.0,42378.0,55.65
477,0x55555555516e,ARITH,32.0,125.0,52.249760000001636,,0.0,42503.0,55.64
478,0x55555555516e,ARITH,32.0,125.0,55.64,,0.0,42628.0,55.64
479,0x55555555516e,ARITH,32.0,125.0,55.64,,0.0,42753.0,55.64
480,0x55555555516e,ARITH,32.0,125.0,55.64,,0.0,42878.0,55.64
481,0x55555555516e,ARITH,32.0,125.0,55.64,,0.0,43003.0,55.64
482,0x55555555516e,ARITH,32.0,125.0,52.18976000000164,,0.0,43128.0,55.63
483,0x55555555516e,ARITH,32.0,125.0,55.63,,0.0,43253.0,55.63
484,0x55555555516e,ARITH,32.0,125.0,55.63,,0.0,43378.0,55.63
485,0x55555555516e,ARITH,32.0,125.0,59.11023999999836,,0.0,43503.0,55.64
486,0x55555555516e,ARITH,32.0,125.0,55.64,,0.0,43628.0,55.64
487,0x55555555516e,ARITH,32.0,125.0,55.64,,0.0,43753.0,55.64
488,0x55555555516e,ARITH,32.0,125.0,55.64,,0.0,43878.0,55.64
489,0x55555555516e,ARITH,32.0,125.0,55.64,,0.0,44003.0,55.64
490,0x55555555516e,ARITH,32.0,125.0,55.64,,0.0,44128.0,55.64
491,0x55555555516e,ARITH,32.0,125.0,55.64,,0.0,44253.0,55.64
492,0x55555555516e,ARITH,32.0,125.0,55.64,,0.0,44378.0,55.64
493,0x55555555516e,ARITH,32.0,125.0,52.07976000000164,,0.0,44503.0,55.63
494,0x55555555516e,ARITH,32.0,125.0,52.059759999997915,,0.0,44628.0,55.62
495,0x55555555516e,ARITH,32.0,125.0,59.20024000000208,,0.0,44753.0,55.63
496,0x55555555516e,ARITH,32.0,125.0,52.03975999999791,,0.0,44878.0,55.62
497,0x55555555516e,ARITH,32.0,125.0,55.62,,0.0,45003.0,55.62
498,0x55555555516e,ARITH,32.0,125.0,55.62,,0.0,45128.0,55.62
499,0x55555555516e,ARITH,32.0,125.0,62.86048000000045,,0.0,45253.0,55.64
500,0x55555555516e,ARITH,32.0,125.0,55.64,,0.0,45378.0,55.64
501,0x55555555516e,ARITH,32.0,125.0,55.64,,0.0,45503.0,55.64
502,0x55555555516e,ARITH,32.0,125.0,55.64,,0.0,45628.0,55.64
503,0x55555555516e,ARITH,32.0,125.0,55.64,,0.0,45753.0,55.64
504,0x55555555516e,ARITH,32.0,125.0,55.64,,0.0,45878.0,55.64
505,0x55555555516e,ARITH,32.0,125.0,55.64,,0.0,46003.0,55.64
506,0x55555555516e,ARITH,32.0,125.0,55.64,,0.0,46128.0,55.64
507,0x55555555516e,ARITH,32.0,125.0,55.64,,0.0,46253.0,55.64
508,0x55555555516e,ARITH,32.0,125.0,55.64,,0.0,46378.0,55.64
509,0x55555555516e,ARITH,32.0,125.0,55.64,,0.0,46503.0,55.64
510,0x55555555516e,ARITH,32.0,125.0,55.64,,0.0,46628.0,55.64
511,0x55555555516e,ARITH,32.0,125.0,55.64,,0.0,46753.0,55.64
512,0x55555555516e,ARITH,32.0,125.0,59.390239999998364,,0.0,46878.0,55.65
513,0x55555555516e,ARITH,32.0,125.0,55.65,,0.0,47003.0,55.65
514,0x55555555516e,ARITH,32.0,125.0,55.65,,0.0,47128.0,55.65
515,0x55555555516e,ARITH,32.0,125.0,59.43024000000209,,0.0,47253.0,55.66
516,0x55555555516e,ARITH,32.0,125.0,48.079519999999555,,0.0,47378.0,55.64
517,0x55555555516e,ARITH,32.0,125.0,59.44023999999836,,0.0,47503.0,55.65
518,0x55555555516e,ARITH,32.0,125.0,55.65,,0.0,47628.0,55.65
519,0x55555555516e,ARITH,32.0,125.0,55.65,,0.0,47753.0,55.65
520,0x55555555516e,ARITH,32.0,125.0,51.81976000000164,,0.0,47878.0,55.64
521,0x55555555516e,ARITH,32.0,125.0,55.64,,0.0,48003.0,55.64
522,0x55555555516e,ARITH,32.0,125.0,55.64,,0.0,48128.0,55.64
523,0x55555555516e,ARITH,32.0,125.0,59.500239999998364,,0.0,48253.0,55.65
524,0x55555555516e,ARITH,32.0,125.0,55.65,,0.0,48378.0,55.65
525,0x55555555516e,ARITH,32.0,125.0,55.65,,0.0,48503.0,55.65
526,0x55555555516e,ARITH,32.0,125.0,55.65,,0.0,48628.0,55.65
527,0x55555555516e,ARITH,32.0,125.0,55.65,,0.0,48753.0,55.65
528,0x55555555516e,ARITH,32.0,125.0,55.65,,0.0,48878.0,55.65
529,0x55555555516e,ARITH,32.0,125.0,55.65,,0.0,49003.0,55.65
530,0x55555555516e,ARITH,32.0,125.0,59.580240000002085,,0.0,49128.0,55.66
531,0x55555555516e,ARITH,32.0,125.0,51.71975999999791,,0.0,49253.0,55.65
532,0x55555555516e,ARITH,32.0,125.0,55.65,,0.0,49378.0,55.65
533,0x55555555516e,ARITH,32.0,125.0,55.65,,0.0,49503.0,55.65
534,0x55555555516e,ARITH,32.0,125.0,55.65,,0.0,49628.0,55.65
535,0x55555555516e,ARITH,32.0,125.0,55.65,,0.0,49753.0,55.65
536,0x55555555516e,ARITH,32.0,125.0,55.65,,0.0,49878.0,55.65
537,0x55555555516e,ARITH,32.0,125.0,59.650240000002086,,0.0,50003.0,55.66
538,0x55555555516e,ARITH,32.0,125.0,51.64975999999791,,0.0,50128.0,55.65
539,0x55555555516e,ARITH,32.0,125.0,55.65,,0.0,50253.0,55.65
540,0x55555555516e,ARITH,32.0,125.0,55.65,,0.0,50378.0,55.65
541,0x55555555516e,ARITH,32.0,125.0,55.65,,0.0,50503.0,55.65
542,0x55555555516e,ARITH,32.0,125.0,55.65,,0.0,50628.0,55.65
543,0x55555555516e,ARITH,32.0,125.0,55.65,,0.0,50753.0,55.65
544,0x55555555516e,ARITH,32.0,125.0,55.65,,0.0,50878.0,55.65
545,0x55555555516e,ARITH,32.0,125.0,55.65,,0.0,51003.0,55.65
546,0x55555555516e,ARITH,32.0,125.0,55.65,,0.0,51128.0,55.65
547,0x55555555516e,ARITH,32.0,125.0,55.65,,0.0,51253.0,55.65
548,0x55555555516e,ARITH,32.0,125.0,59.760240000002085,,0.0,51378.0,55.66
549,0x55555555516e,ARITH,32.0,125.0,55.66,,0.0,51503.0,55.66
550,0x55555555516e,ARITH,32.0,125.0,51.529759999997914,,0.0,51628.0,55.65
551,0x55555555516e,ARITH,32.0,125.0,55.65,,0.0,51753.0,55.65
552,0x55555555516e,ARITH,32.0,125.0,55.65,,0.0,51878.0,55.65
553,0x55555555516e,ARITH,32.0,125.0,59.81024000000209,,0.0,52003.0,55.66
554,0x55555555516e,ARITH,32.0,125.0,55.66,,0.0,52128.0,55.66
555,0x55555555516e,ARITH,32.0,125.0,55.66,,0.0,52253.0,55.66
556,0x55555555516e,ARITH,32.0,125.0,55.66,,0.0,52378.0,55.66
557,0x55555555516e,ARITH,32.0,125.0,59.860240000002086,,0.0,52503.0,55.67
558,0x55555555516e,ARITH,32.0,125.0,55.67,,0.0,52628.0,55.67
559,0x55555555516e,ARITH,32.0,125.0,51.449759999997916,,0.0,52753.0,55.66
560,0x55555555516e,ARITH,32.0,125.0,55.66,,0.0,52878.0,55.66
561,0x55555555516e,ARITH,32.0,125.0,55.66,,0.0,53003.0,55.66
562,0x55555555516e,ARITH,32.0,125.0,59.910240000002084,,0.0,53128.0,55.67
563,0x55555555516e,ARITH,32.0,125.0,55.67,,0.0,53253.0,55.67
564,0x55555555516e,ARITH,32.0,125.0,55.67,,0.0,53378.0,55.67
565,0x55555555516e,ARITH,32.0,125.0,55.67,,0.0,53503.0,55.67
566,0x55555555516e,ARITH,32.0,125.0,59.96023999999836,,0.0,53628.0,55.68
567,0x55555555516e,ARITH,32.0,125.0,55.68,,0.0,53753.0,55.68
568,0x55555555516e,ARITH,32.0,125.0,55.68,,0.0,53878.0,55.68
569,0x55555555516e,ARITH,32.0,125.0,55.68,,0.0,54003.0,55.68
570,0x55555555516e,ARITH,32.0,125.0,51.34976000000164,,0.0,54128.0,55.67
571,0x55555555516e,ARITH,32.0,125.0,55.67,,0.0,54253.0,55.67
572,0x55555555516e,ARITH,32.0,125.0,55.67,,0.0,54378.0,55.67
573,0x55555555516e,ARITH,32.0,125.0,55.67,,0.0,54503.0,55.67
574,0x55555555516e,ARITH,32.0,125.0,55.67,,0.0,54628.0,55.67
575,0x55555555516e,ARITH,32.0,125.0,55.67,,0.0,54753.0,55.67
576,0x55555555516e,ARITH,32.0,125.0,55.67,,0.0,54878.0,55.67
577,0x55555555516e,ARITH,32.0,125.0,55.67,,0.0,55003.0,55.67
578,0x55555555516e,ARITH,32.0,125.0,55.67,,0.0,55128.0,55.67
579,0x55555555516e,ARITH,32.0,125.0,55.67,,0.0,55253.0,55.67
580,0x55555555516e,ARITH,32.0,125.0,51.239759999997915,,0.0,55378.0,55.66
581,0x55555555516e,ARITH,32.0,125.0,55.66,,0.0,55503.0,55.66
582,0x55555555516e,ARITH,32.0,125.0,51.209759999997914,,0.0,55628.0,55.65
583,0x55555555516e,ARITH,32.0,125.0,55.65,,0.0,55753.0,55.65
584,0x55555555516e,ARITH,32.0,125.0,55.65,,0.0,55878.0,55.65
585,0x55555555516e,ARITH,32.0,125.0,55.65,,0.0,56003.0,55.65
586,0x55555555516e,ARITH,32.0,125.0,55.65,,0.0,56128.0,55.65
587,0x55555555516e,ARITH,32.0,125.0,55.65,,0.0,56253.0,55.65
588,0x55555555516e,ARITH,32.0,125.0,51.13976000000164,,0.0,56378.0,55.64
589,0x55555555516e,ARITH,32.0,125.0,55.64,,0.0,56503.0,55.64
590,0x55555555516e,ARITH,32.0,125.0,55.64,,0.0,56628.0,55.64
591,0x55555555516e,ARITH,32.0,125.0,69.26072000000254,,0.0,56753.0,55.67
592,0x55555555516e,ARITH,32.0,125.0,73.87095999999717,,0.0,56878.0,55.71
593,0x55555555516e,ARITH,32.0,125.0,55.71,,0.0,57003.0,55.71
594,0x55555555516e,ARITH,32.0,125.0,55.71,,0.0,57128.0,55.71
595,0x55555555516e,ARITH,32.0,125.0,55.71,,0.0,57253.0,55.71
596,0x55555555516e,ARITH,32.0,125.0,60.300240000002084,,0.0,57378.0,55.72
597,0x55555555516e,ARITH,32.0,125.0,55.72,,0.0,57503.0,55.72
598,0x55555555516e,ARITH,32.0,125.0,55.72,,0.0,57628.0,55.72
599,0x55555555516e,ARITH,32.0,125.0,51.099759999997914,,0.0,57753.0,55.71
600,0x55555555516e,ARITH,32.0,125.0,55.71,,0.0,57878.0,55.71
601,0x55555555516e,ARITH,32.0,125.0,55.71,,0.0,58003.0,55.71
602,0x55555555516e,ARITH,32.0,125.0,55.71,,0.0,58128.0,55.71
603,0x55555555516e,ARITH,32.0,125.0,55.71,,0.0,58253.0,55.71
604,0x55555555516e,ARITH,32.0,125.0,55.71,,0.0,58378.0,55.71
605,0x55555555516e,ARITH,32.0,125.0,55.71,,0.0,58503.0,55.71
606,0x55555555516e,ARITH,32.0,125.0,55.71,,0.0,58628.0,55.71
607,0x55555555516e,ARITH,32.0,125.0,55.71,,0.0,58753.0,55.71
608,0x55555555516e,ARITH,32.0,125.0,55.71,,0.0,58878.0,55.71
609,0x55555555516e,ARITH,32.0,125.0,55.71,,0.0,59003.0,55.71
610,0x55555555516e,ARITH,32.0,125.0,55.71,,0.0,59128.0,55.71
611,0x55555555516e,ARITH,32.0,125.0,55.71,,0.0,59253.0,55.71
612,0x55555555516e,ARITH,32.0,125.0,55.71,,0.0,59378.0,55.71
613,0x55555555516e,ARITH,32.0,125.0,55.71,,0.0,59503.0,55.71
614,0x55555555516e,ARITH,32.0,125.0,55.71,,0.0,59628.0,55.71
615,0x55555555516e,ARITH,32.0,125.0,50.929760000001636,,0.0,59753.0,55.7
616,0x55555555516e,ARITH,32.0,125.0,55.7,,0.0,59878.0,55.7
617,0x55555555516e,ARITH,32.0,125.0,60.500239999998364,,0.0,60003.0,55.71
618,0x55555555516e,ARITH,32.0,125.0,50.89976000000164,,0.0,60128.0,55.7
619,0x55555555516e,ARITH,32.0,125.0,55.7,,0.0,60253.0,55.7
620,0x55555555516e,ARITH,32.0,125.0,55.7,,0.0,60378.0,55.7
621,0x55555555516e,ARITH,32.0,125.0,55.7,,0.0,60503.0,55.7
622,0x55555555516e,ARITH,32.0,125.0,50.849759999997914,,0.0,60628.0,55.69
623,0x55555555516e,ARITH,32.0,125.0,55.69,,0.0,60753.0,55.69
624,0x55555555516e,ARITH,32.0,125.0,55.69,,0.0,60878.0,55.69
625,0x55555555516e,ARITH,32.0,125.0,55.69,,0.0,61003.0,55.69
626,0x55555555516e,ARITH,32.0,125.0,55.69,,0.0,61128.0,55.69
627,0x55555555516e,ARITH,32.0,125.0,55.69,,0.0,61253.0,55.69
628,0x55555555516e,ARITH,32.0,125.0,50.77976000000164,,0.0,61378.0,55.68
629,0x55555555516e,ARITH,32.0,125.0,55.68,,0.0,61503.0,55.68
630,0x55555555516e,ARITH,32.0,125.0,55.68,,0.0,61628.0,55.68
631,0x55555555516e,ARITH,32.0,125.0,50.73976000000164,,0.0,61753.0,55.67
632,0x55555555516e,ARITH,32.0,125.0,55.67,,0.0,61878.0,55.67
633,0x55555555516e,ARITH,32.0,125.0,55.67,,0.0,62003.0,55.67
634,0x55555555516e,ARITH,32.0,125.0,55.67,,0.0,62128.0,55.67
635,0x55555555516e,ARITH,32.0,125.0,55.67,,0.0,62253.0,55.67
636,0x55555555516e,ARITH,32.0,125.0,55.67,,0.0,62378.0,55.67
637,0x55555555516e,ARITH,32.0,125.0,55.67,,0.0,62503.0,55.67
638,0x55555555516e,ARITH,32.0,125.0,50.65975999999792,,0.0,62628.0,55.66
639,0x55555555516e,ARITH,32.0,125.0,55.66,,0.0,62753.0,55.66
640,0x55555555516e,ARITH,32.0,125.0,55.66,,0.0,62878.0,55.66
641,0x55555555516e,ARITH,32.0,125.0,55.66,,0.0,63003.0,55.66
642,0x55555555516e,ARITH,32.0,125.0,50.60975999999791,,0.0,63128.0,55.65
643,0x55555555516e,ARITH,32.0,125.0,55.65,,0.0,63253.0,55.65
644,0x55555555516e,ARITH,32.0,125.0,55.65,,0.0,63378.0,55.65
645,0x55555555516e,ARITH,32.0,125.0,55.65,,0.0,63503.0,55.65
646,0x55555555516e,ARITH,32.0,125.0,55.65,,0.0,63628.0,55.65
647,0x55555555516e,ARITH,32.0,125.0,55.65,,0.0,63753.0,55.65
648,0x55555555516e,ARITH,32.0,125.0,55.65,,0.0,63878.0,55.65
649,0x55555555516e,ARITH,32.0,125.0,55.65,,0.0,64003.0,55.65
650,0x55555555516e,ARITH,32.0,125.0,55.65,,0.0,64128.0,55.65
651,0x55555555516e,ARITH,32.0,125.0,50.50976000000164,,0.0,64253.0,55.64
652,0x55555555516e,ARITH,32.0,125.0,55.64,,0.0,64378.0,55.64
653,0x55555555516e,ARITH,32.0,125.0,55.64,,0.0,64503.0,55.64
654,0x55555555516e,ARITH,32.0,125.0,55.64,,0.0,64628.0,55.64
655,0x55555555516e,ARITH,32.0,125.0,55.64,,0.0,64753.0,55.64
656,0x55555555516e,ARITH,32.0,125.0,50.44976000000164,,0.0,64878.0,55.63
657,0x55555555516e,ARITH,32.0,125.0,60.83023999999836,,0.0,65003.0,55.64
658,0x55555555516e,ARITH,32.0,125.0,55.64,,0.0,65128.0,55.64
659,0x55555555516e,ARITH,32.0,125.0,55.64,,0.0,65253.0,55.64
660,0x55555555516e,ARITH,32.0,125.0,50.40976000000164,,0.0,65378.0,55.63
661,0x55555555516e,ARITH,32.0,125.0,55.63,,0.0,65503.0,55.63
662,0x55555555516e,ARITH,32.0,125.0,55.63,,0.0,65628.0,55.63
663,0x55555555516e,ARITH,32.0,125.0,55.63,,0.0,65753.0,55.63
664,0x55555555516e,ARITH,32.0,125.0,55.63,,0.0,65878.0,55.63
665,0x55555555516e,ARITH,32.0,125.0,55.63,,0.0,66003.0,55.63
666,0x55555555516e,ARITH,32.0,125.0,55.63,,0.0,66128.0,55.63
667,0x55555555516e,ARITH,32.0,125.0,55.63,,0.0,66253.0,55.63
668,0x55555555516e,ARITH,32.0,125.0,60.94023999999836,,0.0,66378.0,55.64
669,0x55555555516e,ARITH,32.0,125.0,50.31976000000164,,0.0,66503.0,55.63
670,0x55555555516e,ARITH,32.0,125.0,55.63,,0.0,66628.0,55.63
671,0x55555555516e,ARITH,32.0,125.0,55.63,,0.0,66753.0,55.63
672,0x55555555516e,ARITH,32.0,125.0,55.63,,0.0,66878.0,55.63
673,0x55555555516e,ARITH,32.0,125.0,55.63,,0.0,67003.0,55.63
674,0x55555555516e,ARITH,32.0,125.0,55.63,,0.0,67128.0,55.63
675,0x55555555516e,ARITH,32.0,125.0,55.63,,0.0,67253.0,55.63
676,0x55555555516e,ARITH,32.0,125.0,50.239759999997915,,0.0,67378.0,55.62
677,0x55555555516e,ARITH,32.0,125.0,71.82071999999881,,0.0,67503.0,55.65
678,0x55555555516e,ARITH,32.0,125.0,55.65,,0.0,67628.0,55.65
679,0x55555555516e,ARITH,32.0,125.0,55.65,,0.0,67753.0,55.65
680,0x55555555516e,ARITH,32.0,125.0,55.65,,0.0,67878.0,55.65
681,0x55555555516e,ARITH,32.0,125.0,50.20976000000164,,0.0,68003.0,55.64
682,0x55555555516e,ARITH,32.0,125.0,55.64,,0.0,68128.0,55.64
683,0x55555555516e,ARITH,32.0,125.0,55.64,,0.0,68253.0,55.64
684,0x55555555516e,ARITH,32.0,125.0,55.64,,0.0,68378.0,55.64
685,0x55555555516e,ARITH,32.0,125.0,55.64,,0.0,68503.0,55.64
686,0x55555555516e,ARITH,32.0,125.0,55.64,,0.0,68628.0,55.64
687,0x55555555516e,ARITH,32.0,125.0,61.140239999998364,,0.0,68753.0,55.65
688,0x55555555516e,ARITH,32.0,125.0,50.13976000000164,,0.0,68878.0,55.64
689,0x55555555516e,ARITH,32.0,125.0,61.16023999999836,,0.0,69003.0,55.65
690,0x55555555516e,ARITH,32.0,125.0,50.11976000000164,,0.0,69128.0,55.64
691,0x55555555516e,ARITH,32.0,125.0,55.64,,0.0,69253.0,55.64
692,0x55555555516e,ARITH,32.0,125.0,55.64,,0.0,69378.0,55.64
693,0x55555555516e,ARITH,32.0,125.0,55.64,,0.0,69503.0,55.64
694,0x55555555516e,ARITH,32.0,125.0,55.64,,0.0,69628.0,55.64
695,0x55555555516e,ARITH,32.0,125.0,55.64,,0.0,69753.0,55.64
696,0x55555555516e,ARITH,32.0,125.0,55.64,,0.0,69878.0,55.64
697,0x55555555516e,ARITH,32.0,125.0,55.64,,0.0,70003.0,55.64
698,0x55555555516e,ARITH,32.0,125.0,55.64,,0.0,70128.0,55.64
699,0x55555555516e,ARITH,32.0,125.0,55.64,,0.0,70253.0,55.64
700,0x55555555516e,ARITH,32.0,125.0,55.64,,0.0,70378.0,55.64
701,0x55555555516e,ARITH,32.0,125.0,55.64,,0.0,70503.0,55.64
702,0x55555555516e,ARITH,32.0,125.0,55.64,,0.0,70628.0,55.64
703,0x55555555516e,ARITH,32.0,125.0,61.30023999999836,,0.0,70753.0,55.65
704,0x55555555516e,ARITH,32.0,125.0,55.65,,0.0,70878.0,55.65
705,0x55555555516e,ARITH,32.0,125.0,61.330240000002085,,0.0,71003.0,55.66
706,0x55555555516e,ARITH,32.0,125.0,49.96975999999791,,0.0,71128.0,55.65
707,0x55555555516e,ARITH,32.0,125.0,55.65,,0.0,71253.0,55.65
708,0x55555555516e,ARITH,32.0,125.0,55.65,,0.0,71378.0,55.65
709,0x55555555516e,ARITH,32.0,125.0,55.65,,0.0,71503.0,55.65
710,0x55555555516e,ARITH,32.0,125.0,55.65,,0.0,71628.0,55.65
711,0x55555555516e,ARITH,32.0,125.0,55.65,,0.0,71753.0,55.65
712,0x55555555516e,ARITH,32.0,125.0,55.65,,0.0,71878.0,55.65
713,0x55555555516e,ARITH,32.0,125.0,55.65,,0.0,72003.0,55.65
714,0x55555555516e,ARITH,32.0,125.0,55.65,,0.0,72128.0,55.65
715,0x55555555516e,ARITH,32.0,125.0,55.65,,0.0,72253.0,55.65
716,0x55555555516e,ARITH,32.0,125.0,73.02072000000253,,0.0,72378.0,55.68
717,0x55555555516e,ARITH,32.0,125.0,55.68,,0.0,72503.0,55.68
718,0x55555555516e,ARITH,32.0,125.0,55.68,,0.0,72628.0,55.68
719,0x55555555516e,ARITH,32.0,125.0,55.68,,0.0,72753.0,55.68
720,0x55555555516e,ARITH,32.0,125.0,55.68,,0.0,72878.0,55.68
721,0x55555555516e,ARITH,32.0,125.0,55.68,,0.0,73003.0,55.68
722,0x55555555516e,ARITH,32.0,125.0,55.68,,0.0,73128.0,55.68
723,0x55555555516e,ARITH,32.0,125.0,55.68,,0.0,73253.0,55.68
724,0x55555555516e,ARITH,32.0,125.0,49.80976000000164,,0.0,73378.0,55.67
725,0x55555555516e,ARITH,32.0,125.0,61.55023999999836,,0.0,73503.0,55.68
726,0x55555555516e,ARITH,32.0,125.0,49.78976000000164,,0.0,73628.0,55.67
727,0x55555555516e,ARITH,32.0,125.0,61.570239999998364,,0.0,73753.0,55.68
728,0x55555555516e,ARITH,32.0,125.0,55.68,,0.0,73878.0,55.68
729,0x55555555516e,ARITH,32.0,125.0,55.68,,0.0,74003.0,55.68
730,0x55555555516e,ARITH,32.0,125.0,55.68,,0.0,74128.0,55.68
731,0x55555555516e,ARITH,32.0,125.0,49.73976000000164,,0.0,74253.0,55.67
732,0x55555555516e,ARITH,32.0,125.0,55.67,,0.0,74378.0,55.67
733,0x55555555516e,ARITH,32.0,125.0,55.67,,0.0,74503.0,55.67
734,0x55555555516e,ARITH,32.0,125.0,61.640239999998364,,0.0,74628.0,55.68
735,0x55555555516e,ARITH,32.0,125.0,55.68,,0.0,74753.0,55.68
736,0x55555555516e,ARITH,32.0,125.0,61.67023999999836,,0.0,74878.0,55.69
737,0x55555555516e,ARITH,32.0,125.0,49.68976000000164,,0.0,75003.0,55.68
738,0x55555555516e,ARITH,32.0,125.0,55.68,,0.0,75128.0,55.68
739,0x55555555516e,ARITH,32.0,125.0,55.68,,0.0,75253.0,55.68
740,0x55555555516e,ARITH,32.0,125.0,55.68,,0.0,75378.0,55.68
741,0x55555555516e,ARITH,32.0,125.0,61.72023999999463,,0.0,75503.0,55.69
742,0x55555555516e,ARITH,32.0,125.0,49.63976000000537,,0.0,75628.0,55.68
743,0x55555555516e,ARITH,32.0,125.0,55.68,,0.0,75753.0,55.68
744,0x55555555516e,ARITH,32.0,125.0,55.68,,0.0,75878.0,55.68
745,0x55555555516e,ARITH,32.0,125.0,55.68,,0.0,76003.0,55.68
746,0x55555555516e,ARITH,32.0,125.0,55.68,,0.0,76128.0,55.68
747,0x55555555516e,ARITH,32.0,125.0,55.68,,0.0,76253.0,55.68
748,0x55555555516e,ARITH,32.0,125.0,55.68,,0.0,76378.0,55.68
749,0x55555555516e,ARITH,32.0,125.0,55.68,,0.0,76503.0,55.68
750,0x55555555516e,ARITH,32.0,125.0,61.810239999994636,,0.0,76628.0,55.69
751,0x55555555516e,ARITH,32.0,125.0,49.549760000005364,,0.0,76753.0,55.68
752,0x55555555516e,ARITH,32.0,125.0,61.83023999999464,,0.0,76878.0,55.69
753,0x55555555516e,ARITH,32.0,125.0,49.52976000000537,,0.0,77003.0,55.68
754,0x55555555516e,ARITH,32.0,125.0,55.68,,0.0,77128.0,55.68
755,0x55555555516e,ARITH,32.0,125.0,61.86023999999463,,0.0,77253.0,55.69
756,0x55555555516e,ARITH,32.0,125.0,49.49976000000537,,0.0,77378.0,55.68
757,0x55555555516e,ARITH,32.0,125.0,55.68,,0.0,77503.0,55.68
758,0x55555555516e,ARITH,32.0,125.0,55.68,,0.0,77628.0,55.68
759,0x55555555516e,ARITH,32.0,125.0,55.68,,0.0,77753.0,55.68
760,0x55555555516e,ARITH,32.0,125.0,61.91023999999464,,0.0,77878.0,55.69
761,0x55555555516e,ARITH,32.0,125.0,55.69,,0.0,78003.0,55.69
762,0x55555555516e,ARITH,32.0,125.0,55.69,,0.0,78128.0,55.69
763,0x55555555516e,ARITH,32.0,125.0,55.69,,0.0,78253.0,55.69
764,0x55555555516e,ARITH,32.0,125.0,55.69,,0.0,78378.0,55.69
765,0x55555555516e,ARITH,32.0,125.0,55.69,,0.0,78503.0,55.69
766,0x55555555516e,ARITH,32.0,125.0,55.69,,0.0,78628.0,55.69
767,0x55555555516e,ARITH,32.0,125.0,55.69,,0.0,78753.0,55.69
768,0x55555555516e,ARITH,32.0,125.0,55.69,,0.0,78878.0,55.69
769,0x55555555516e,ARITH,32.0,125.0,55.69,,0.0,79003.0,55.69
770,0x55555555516e,ARITH,32.0,125.0,55.69,,0.0,79128.0,55.69
771,0x55555555516e,ARITH,32.0,125.0,55.69,,0.0,79253.0,55.69
772,0x55555555516e,ARITH,32.0,125.0,55.69,,0.0,79378.0,55.69
773,0x55555555516e,ARITH,32.0,125.0,55.69,,0.0,79503.0,55.69
774,0x55555555516e,ARITH,32.0,125.0,55.69,,0.0,79628.0,55.69
775,0x55555555516e,ARITH,32.0,125.0,55.69,,0.0,79753.0,55.69
776,0x55555555516e,ARITH,32.0,125.0,55.69,,0.0,79878.0,55.69
777,0x55555555516e,ARITH,32.0,125.0,55.69,,0.0,80003.0,55.69
778,0x55555555516e,ARITH,32.0,125.0,55.69,,0.0,80128.0,55.69
779,0x55555555516e,ARITH,32.0,125.0,55.69,,0.0,80253.0,55.69
780,0x55555555516e,ARITH,32.0,125.0,55.69,,0.0,80378.0,55.69
781,0x55555555516e,ARITH,32.0,125.0,62.130240000009536,,0.0,80503.0,55.7
782,0x55555555516e,ARITH,32.0,125.0,55.7,,0.0,80628.0,55.7
783,0x55555555516e,ARITH,32.0,125.0,55.7,,0.0,80753.0,55.7
784,0x55555555516e,ARITH,32.0,125.0,55.7,,0.0,80878.0,55.7
785,0x55555555516e,ARITH,32.0,125.0,55.7,,0.0,81003.0,55.7
786,0x55555555516e,ARITH,32.0,125.0,55.7,,0.0,81128.0,55.7
787,0x55555555516e,ARITH,32.0,125.0,55.7,,0.0,81253.0,55.7
788,0x55555555516e,ARITH,32.0,125.0,55.7,,0.0,81378.0,55.7
789,0x55555555516e,ARITH,32.0,125.0,55.7,,0.0,81503.0,55.7
790,0x55555555516e,ARITH,32.0,125.0,49.16975999999046,,0.0,81628.0,55.69
791,0x55555555516e,ARITH,32.0,125.0,55.69,,0.0,81753.0,55.69
792,0x55555555516e,ARITH,32.0,125.0,55.69,,0.0,81878.0,55.69
793,0x55555555516e,ARITH,32.0,125.0,55.69,,0.0,82003.0,55.69
794,0x55555555516e,ARITH,32.0,125.0,55.69,,0.0,82128.0,55.69
795,0x55555555516e,ARITH,32.0,125.0,55.69,,0.0,82253.0,55.69
796,0x55555555516e,ARITH,32.0,125.0,62.280240000009535,,0.0,82378.0,55.7
797,0x55555555516e,ARITH,32.0,125.0,55.7,,0.0,82503.0,55.7
798,0x55555555516e,ARITH,32.0,125.0,55.7,,0.0,82628.0,55.7
799,0x55555555516e,ARITH,32.0,125.0,55.7,,0.0,82753.0,55.7
800,0x55555555516e,ARITH,32.0,125.0,55.7,,0.0,82878.0,55.7
801,0x55555555516e,ARITH,32.0,125.0,55.7,,0.0,83003.0,55.7
802,0x55555555516e,ARITH,32.0,125.0,55.7,,0.0,83128.0,55.7
803,0x55555555516e,ARITH,32.0,125.0,49.039759999990466,,0.0,83253.0,55.69
804,0x55555555516e,ARITH,32.0,125.0,55.69,,0.0,83378.0,55.69
805,0x55555555516e,ARITH,32.0,125.0,55.69,,0.0,83503.0,55.69
806,0x55555555516e,ARITH,32.0,125.0,55.69,,0.0,83628.0,55.69
807,0x55555555516e,ARITH,32.0,125.0,55.69,,0.0,83753.0,55.69
808,0x55555555516e,ARITH,32.0,125.0,55.69,,0.0,83878.0,55.69
809,0x55555555516e,ARITH,32.0,125.0,55.69,,0.0,84003.0,55.69
810,0x55555555516e,ARITH,32.0,125.0,55.69,,0.0,84128.0,55.69
811,0x55555555516e,ARITH,32.0,125.0,55.69,,0.0,84253.0,55.69
812,0x55555555516e,ARITH,32.0,125.0,55.69,,0.0,84378.0,55.69
813,0x55555555516e,ARITH,32.0,125.0,55.69,,0.0,84503.0,55.69
814,0x55555555516e,ARITH,32.0,125.0,55.69,,0.0,84628.0,55.69
815,0x55555555516e,ARITH,32.0,125.0,55.69,,0.0,84753.0,55.69
816,0x55555555516e,ARITH,32.0,125.0,62.48024000000954,,0.0,84878.0,55.7
817,0x55555555516e,ARITH,32.0,125.0,55.7,,0.0,85003.0,55.7
818,0x55555555516e,ARITH,32.0,125.0,55.7,,0.0,85128.0,55.7
819,0x55555555516e,ARITH,32.0,125.0,55.7,,0.0,85253.0,55.7
820,0x55555555516e,ARITH,32.0,125.0,55.7,,0.0,85378.0,55.7
821,0x55555555516e,ARITH,32.0,125.0,55.7,,0.0,85503.0,55.7
822,0x55555555516e,ARITH,32.0,125.0,55.7,,0.0,85628.0,55.7
823,0x55555555516e,ARITH,32.0,125.0,55.7,,0.0,85753.0,55.7
824,0x55555555516e,ARITH,32.0,125.0,55.7,,0.0,85878.0,55.7
825,0x55555555516e,ARITH,32.0,125.0,62.58023999999464,,0.0,86003.0,55.71
826,0x55555555516e,ARITH,32.0,125.0,48.81976000000537,,0.0,86128.0,55.7
827,0x55555555516e,ARITH,32.0,125.0,62.600239999994635,,0.0,86253.0,55.71
828,0x55555555516e,ARITH,32.0,125.0,55.71,,0.0,86378.0,55.71
829,0x55555555516e,ARITH,32.0,125.0,55.71,,0.0,86503.0,55.71
830,0x55555555516e,ARITH,32.0,125.0,55.71,,0.0,86628.0,55.71
831,0x55555555516e,ARITH,32.0,125.0,55.71,,0.0,86753.0,55.71
832,0x55555555516e,ARITH,32.0,125.0,55.71,,0.0,86878.0,55.71
833,0x55555555516e,ARITH,32.0,125.0,55.71,,0.0,87003.0,55.71
834,0x55555555516e,ARITH,32.0,125.0,55.71,,0.0,87128.0,55.71
835,0x55555555516e,ARITH,32.0,125.0,55.71,,0.0,87253.0,55.71
836,0x55555555516e,ARITH,32.0,125.0,55.71,,0.0,87378.0,55.71
837,0x55555555516e,ARITH,32.0,125.0,62.71024000000209,,0.0,87503.0,55.72
838,0x55555555516e,ARITH,32.0,125.0,55.72,,0.0,87628.0,55.72
839,0x55555555516e,ARITH,32.0,125.0,55.72,,0.0,87753.0,55.72
840,0x55555555516e,ARITH,32.0,125.0,55.72,,0.0,87878.0,55.72
841,0x55555555516e,ARITH,32.0,125.0,55.72,,0.0,88003.0,55.72
842,0x55555555516e,ARITH,32.0,125.0,55.72,,0.0,88128.0,55.72
843,0x55555555516e,ARITH,32.0,125.0,62.780239999994635,,0.0,88253.0,55.73
844,0x55555555516e,ARITH,32.0,125.0,55.73,,0.0,88378.0,55.73
845,0x55555555516e,ARITH,32.0,125.0,55.73,,0.0,88503.0,55.73
846,0x55555555516e,ARITH,32.0,125.0,55.73,,0.0,88628.0,55.73
847,0x55555555516e,ARITH,32.0,125.0,48.62976000000536,,0.0,88753.0,55.72
848,0x55555555516e,ARITH,32.0,125.0,55.72,,0.0,88878.0,55.72
849,0x55555555516e,ARITH,32.0,125.0,55.72,,0.0,89003.0,55.72
850,0x55555555516e,ARITH,32.0,125.0,55.72,,0.0,89128.0,55.72
851,0x55555555516e,ARITH,32.0,125.0,62.86023999999463,,0.0,89253.0,55.73
852,0x55555555516e,ARITH,32.0,125.0,55.73,,0.0,89378.0,55.73
853,0x55555555516e,ARITH,32.0,125.0,55.73,,0.0,89503.0,55.73
854,0x55555555516e,ARITH,32.0,125.0,55.73,,0.0,89628.0,55.73
855,0x55555555516e,ARITH,32.0,125.0,55.73,,0.0,89753.0,55.73
856,0x55555555516e,ARITH,32.0,125.0,55.73,,0.0,89878.0,55.73
857,0x55555555516e,ARITH,32.0,125.0,55.73,,0.0,90003.0,55.73
858,0x55555555516e,ARITH,32.0,125.0,62.940240000002085,,0.0,90128.0,55.74
859,0x55555555516e,ARITH,32.0,125.0,55.74,,0.0,90253.0,55.74
860,0x55555555516e,ARITH,32.0,125.0,55.74,,0.0,90378.0,55.74
861,0x55555555516e,ARITH,32.0,125.0,55.74,,0.0,90503.0,55.74
862,0x55555555516e,ARITH,32.0,125.0,55.74,,0.0,90628.0,55.74
863,0x55555555516e,ARITH,32.0,125.0,55.74,,0.0,90753.0,55.74
864,0x55555555516e,ARITH,32.0,125.0,55.74,,0.0,90878.0,55.74
865,0x55555555516e,ARITH,32.0,125.0,48.459759999997914,,0.0,91003.0,55.73
866,0x55555555516e,ARITH,32.0,125.0,55.73,,0.0,91128.0,55.73
867,0x55555555516e,ARITH,32.0,125.0,55.73,,0.0,91253.0,55.73
868,0x55555555516e,ARITH,32.0,125.0,63.040240000002086,,0.0,91378.0,55.74
869,0x55555555516e,ARITH,32.0,125.0,55.74,,0.0,91503.0,55.74
870,0x55555555516e,ARITH,32.0,125.0,55.74,,0.0,91628.0,55.74
871,0x55555555516e,ARITH,32.0,125.0,55.74,,0.0,91753.0,55.74
872,0x55555555516e,ARITH,32.0,125.0,55.74,,0.0,91878.0,55.74
873,0x55555555516e,ARITH,32.0,125.0,55.74,,0.0,92003.0,55.74
874,0x55555555516e,ARITH,32.0,125.0,55.74,,0.0,92128.0,55.74
875,0x55555555516e,ARITH,32.0,125.0,55.74,,0.0,92253.0,55.74
876,0x55555555516e,ARITH,32.0,125.0,55.74,,0.0,92378.0,55.74
877,0x55555555516e,ARITH,32.0,125.0,55.74,,0.0,92503.0,55.74
878,0x55555555516e,ARITH,32.0,125.0,55.74,,0.0,92628.0,55.74
879,0x55555555516e,ARITH,32.0,125.0,55.74,,0.0,92753.0,55.74
880,0x55555555516e,ARITH,32.0,125.0,55.74,,0.0,92878.0,55.74
881,0x55555555516e,ARITH,32.0,125.0,55.74,,0.0,93003.0,55.74
882,0x55555555516e,ARITH,32.0,125.0,55.74,,0.0,93128.0,55.74
883,0x55555555516e,ARITH,32.0,125.0,55.74,,0.0,93253.0,55.74
884,0x55555555516e,ARITH,32.0,125.0,55.74,,0.0,93378.0,55.74
885,0x55555555516e,ARITH,32.0,125.0,55.74,,0.0,93503.0,55.74
886,0x55555555516e,ARITH,32.0,125.0,55.74,,0.0,93628.0,55.74
887,0x55555555516e,ARITH,32.0,125.0,55.74,,0.0,93753.0,55.74
888,0x55555555516e,ARITH,32.0,125.0,55.74,,0.0,93878.0,55.74
889,0x55555555516e,ARITH,32.0,125.0,55.74,,0.0,94003.0,55.74
890,0x55555555516e,ARITH,32.0,125.0,55.74,,0.0,94128.0,55.74
891,0x55555555516e,ARITH,32.0,125.0,55.74,,0.0,94253.0,55.74
892,0x55555555516e,ARITH,32.0,125.0,55.74,,0.0,94378.0,55.74
893,0x55555555516e,ARITH,32.0,125.0,55.74,,0.0,94503.0,55.74
894,0x55555555516e,ARITH,32.0,125.0,55.74,,0.0,94628.0,55.74
895,0x55555555516e,ARITH,32.0,125.0,55.74,,0.0,94753.0,55.74
896,0x55555555516e,ARITH,32.0,125.0,63.330240000002085,,0.0,94878.0,55.75
897,0x55555555516e,ARITH,32.0,125.0,48.14975999999791,,0.0,95003.0,55.74
898,0x55555555516e,ARITH,32.0,125.0,63.35024000000209,,0.0,95128.0,55.75
899,0x55555555516e,ARITH,32.0,125.0,55.75,,0.0,95253.0,55.75
900,0x55555555516e,ARITH,32.0,125.0,55.75,,0.0,95378.0,55.75
901,0x55555555516e,ARITH,32.0,125.0,55.75,,0.0,95503.0,55.75
902,0x55555555516e,ARITH,32.0,125.0,48.099759999997914,,0.0,95628.0,55.74
903,0x55555555516e,ARITH,32.0,125.0,63.400240000002086,,0.0,95753.0,55.75
904,0x55555555516e,ARITH,32.0,125.0,55.75,,0.0,95878.0,55.75
905,0x55555555516e,ARITH,32.0,125.0,48.06975999999791,,0.0,96003.0,55.74
906,0x55555555516e,ARITH,32.0,125.0,55.74,,0.0,96128.0,55.74
907,0x55555555516e,ARITH,32.0,125.0,55.74,,0.0,96253.0,55.74
908,0x55555555516e,ARITH,32.0,125.0,55.74,,0.0,96378.0,55.74
909,0x55555555516e,ARITH,32.0,125.0,55.74,,0.0,96503.0,55.74
910,0x55555555516e,ARITH,32.0,125.0,55.74,,0.0,96628.0,55.74
911,0x55555555516e,ARITH,32.0,125.0,55.74,,0.0,96753.0,55.74
912,0x55555555516e,ARITH,32.0,125.0,63.49024000000209,,0.0,96878.0,55.75
913,0x55555555516e,ARITH,32.0,125.0,47.989759999997915,,0.0,97003.0,55.74
914,0x55555555516e,ARITH,32.0,125.0,63.510240000002085,,0.0,97128.0,55.75
915,0x55555555516e,ARITH,32.0,125.0,47.96975999999791,,0.0,97253.0,55.74
916,0x55555555516e,ARITH,32.0,125.0,55.74,,0.0,97378.0,55.74
917,0x55555555516e,ARITH,32.0,125.0,55.74,,0.0,97503.0,55.74
918,0x55555555516e,ARITH,32.0,125.0,63.550240000002084,,0.0,97628.0,55.75
919,0x55555555516e,ARITH,32.0,125.0,55.75,,0.0,97753.0,55.75
920,0x55555555516e,ARITH,32.0,125.0,55.75,,0.0,97878.0,55.75
921,0x55555555516e,ARITH,32.0,125.0,55.75,,0.0,98003.0,55.75
922,0x55555555516e,ARITH,32.0,125.0,55.75,,0.0,98128.0,55.75
923,0x55555555516e,ARITH,32.0,125.0,55.75,,0.0,98253.0,55.75
924,0x55555555516e,ARITH,32.0,125.0,55.75,,0.0,98378.0,55.75
925,0x55555555516e,ARITH,32.0,125.0,55.75,,0.0,98503.0,55.75
926,0x55555555516e,ARITH,32.0,125.0,55.75,,0.0,98628.0,55.75
927,0x55555555516e,ARITH,32.0,125.0,55.75,,0.0,98753.0,55.75
928,0x55555555516e,ARITH,32.0,125.0,55.75,,0.0,98878.0,55.75
929,0x55555555516e,ARITH,32.0,125.0,55.75,,0.0,99003.0,55.75
930,0x55555555516e,ARITH,32.0,125.0,55.75,,0.0,99128.0,55.75
931,0x55555555516e,ARITH,32.0,125.0,55.75,,0.0,99253.0,55.75
932,0x55555555516e,ARITH,32.0,125.0,55.75,,0.0,99378.0,55.75
933,0x55555555516e,ARITH,32.0,125.0,55.75,,0.0,99503.0,55.75
934,0x55555555516e,ARITH,32.0,125.0,55.75,,0.0,99628.0,55.75
935,0x55555555516e,ARITH,32.0,125.0,55.75,,0.0,99753.0,55.75
936,0x55555555516e,ARITH,32.0,125.0,55.75,,0.0,99878.0,55.75
136,0x7fffe43476db,BRANCH,64.0,1.0,0.0,,2.0,1.0,0.0
937,0x7fffe4362752,LOAD,64.0,1.0,0.0,,0.0,1.0,0.0
940,0x7fffe4377ab1,STORE,64.0,1.0,0.0,,0.0,1.0,0.0
938,0x7fffe43a3a7d,STORE,128.0,117.0,62.09,LLC,0.0,117.0,62.09
939,0x7fffe43a6244,ARITH,64.0,1.0,0.0,,0.0,1.0,0.0
56,0x7ffff7fc6d1f,LOAD,64.0,42.0,134.86,DRAM,0.0,42.0,134.86
55,0x7ffff7fc6d45,BRANCH,64.0,3.0,0.0,,2.0,3.0,0.0
127,0x7ffff7fc823f,BRANCH,64.0,36.0,7.11,,2.0,36.0,7.11
101,0x7ffff7fce247,OTHER,64.0,42.0,51.81,,0.0,42.0,51.81
119,0x7ffff7fce268,LOAD,64.0,70.0,56.69,L1,0.0,70.0,56.69
82,0x7ffff7fce279,OTHER,32.0,12.0,48.0,,0.0,12.0,48.0
85,0x7ffff7fce306,LOAD,64.0,17.0,52.71,L1,0.0,17.0,52.71
93,0x7ffff7fce37e,BRANCH,64.0,25.0,0.0,,2.0,25.0,0.0
87,0x7ffff7fce3f9,STORE,64.0,21.0,60.95,L1,0.0,21.0,60.95
80,0x7ffff7fce408,STORE,64.0,9.0,46.22,L1,0.0,9.0,46.22
83,0x7ffff7fce449,STORE,64.0,14.0,50.29,L1,0.0,14.0,50.29
91,0x7ffff7fce454,LOGIC,32.0,27.0,52.15,,0.0,27.0,52.15
135,0x7ffff7fce491,LOAD,64.0,185.0,107.93999999999998,L1,0.0,185.0,107.94
95,0x7ffff7fce4b6,LOAD,64.0,64.0,60.0,L2,0.0,64.0,60.0
86,0x7ffff7fce4ba,LOAD,64.0,34.0,74.35,L1,0.0,34.0,74.35
97,0x7ffff7fce4eb,OTHER,64.0,71.0,54.99,,0.0,71.0,54.99
89,0x7ffff7fce4fa,OTHER,32.0,43.0,51.35,,0.0,43.0,51.35
129,0x7ffff7fce505,BRANCH,64.0,167.0,30.66,,2.0,167.0,30.66
113,0x7ffff7fce50b,ARITH,64.0,60.0,54.93,,0.0,60.0,54.93
120,0x7ffff7fce512,BRANCH,64.0,73.0,54.79,,2.0,73.0,54.79
111,0x7ffff7fce523,BRANCH,64.0,114.0,54.74,,2.0,114.0,54.74
109,0x7ffff7fce533,LOAD,32.0,109.0,68.11,L1,0.0,109.0,68.11
99,0x7ffff7fce6eb,BRANCH,64.0,39.0,54.97,,2.0,39.0,54.97
117,0x7ffff7fce78d,LOAD,32.0,171.0,107.98,L2,0.0,171.0,107.98
126,0x7ffff7fce791,OTHER,64.0,195.0,53.99000000000001,,0.0,195.0,53.99
106,0x7ffff7fce794,LOGIC,64.0,104.0,54.769999999999996,,0.0,104.0,54.77
104,0x7ffff7fce79a,BRANCH,64.0,94.0,29.62,,2.0,94.0,29.62
131,0x7ffff7fce7c5,OTHER,64.0,82.0,53.849999999999994,,0.0,82.0,53.85
128,0x7ffff7fce7cc,STORE,64.0,78.0,59.49,L1,0.0,78.0,59.49
98,0x7ffff7fcf107,LOAD,32.0,38.0,53.05,L1,0.0,38.0,53.05
92,0x7ffff7fcf128,LOAD,32.0,29.0,830.9,LLC,0.0,29.0,830.9
124,0x7ffff7fcf140,OTHER,64.0,1078.0,55.09,,0.0,1078.0,55.09
94,0x7ffff7fcf140,OTHER,64.0,433.0,54.61,,0.0,433.0,54.61
118,0x7ffff7fcf143,ARITH,64.0,979.0,53.74,,0.0,979.0,53.74
107,0x7ffff7fcf147,OTHER,64.0,751.0,54.03,,0.0,751.0,54.03
81,0x7ffff7fcf147,OTHER,64.0,151.0,53.4,,0.0,151.0,53.4
100,0x7ffff7fcf14e,ARITH,64.0,578.0,54.26,,0.0,578.0,54.26
125,0x7ffff7fcf14e,ARITH,64.0,533.0,54.8019512195122,,0.0,1111.0,54.52
130,0x7ffff7fcf14e,ARITH,64.0,40.0,52.21799999999985,,0.0,1151.0,54.44
105,0x7ffff7fcf151,LOAD,32.0,694.0,54.69,L1,0.0,694.0,54.69
45,0x7ffff7fcf156,BRANCH,64.0,8.0,0.0,,2.0,8.0,0.0
102,0x7ffff7fcf167,LOGIC,128.0,44.0,51.63999999999999,,0.0,44.0,51.64
133,0x7ffff7fcf1b3,OTHER,64.0,87.0,55.17,,0.0,87.0,55.17
77,0x7ffff7fcf1e3,LOAD,32.0,6.0,48.0,L1,0.0,6.0,48.0
115,0x7ffff7fcf1fc,LOAD,32.0,64.0,53.0,L1,0.0,64.0,53.0
46,0x7ffff7fcf21d,LOAD,64.0,2.0,48.0,L2,0.0,2.0,48.0
47,0x7ffff7fcf258,LOAD,64.0,4.0,40.0,L1,0.0,4.0,40.0
108,0x7ffff7fcf27a,BRANCH,64.0,53.0,53.74,,2.0,53.0,53.74
114,0x7ffff7fcf28e,LOAD,64.0,62.0,74.84,L2,0.0,62.0,74.84
60,0x7ffff7fd0425,ARITH,64.0,15.0,53.33,,0.0,15.0,53.33
58,0x7ffff7fd0694,STORE,64.0,10.0,51.2,L1,0.0,10.0,51.2
53,0x7ffff7fd0b87,STORE,64.0,1.0,0.0,,0.0,1.0,0.0
121,0x7ffff7fd4050,ARITH,64.0,36.0,52.44,,0.0,36.0,52.44
122,0x7ffff7fd4096,STORE,64.0,33.0,97.94,L2,0.0,33.0,97.94
67,0x7ffff7fd4318,LOAD,64.0,442.0,57.48,DRAM,0.0,442.0,57.48
66,0x7ffff7fd431c,LOAD,32.0,365.0,57.07,L1,0.0,365.0,57.07
65,0x7ffff7fd4321,ARITH,64.0,288.0,55.0,,0.0,288.0,55.0
64,0x7ffff7fd4324,ARITH,64.0,211.0,54.75,,0.0,211.0,54.75
63,0x7ffff7fd4328,BRANCH,64.0,134.0,54.93,,2.0,134.0,54.93
76,0x7ffff7fd4328,BRANCH,64.0,1000.0,55.1001,,2.0,1134.0,55.08
62,0x7ffff7fd432a,ARITH,64.0,57.0,54.46000000000001,,0.0,57.0,54.46
75,0x7ffff7fd432a,ARITH,64.0,1000.0,55.32674,,0.0,1057.0,55.28
74,0x7ffff7fd432e,BRANCH,64.0,980.0,54.76,,2.0,980.0,54.76
73,0x7ffff7fd4334,LOAD,64.0,903.0,56.95000000000001,L1,0.0,903.0,56.95
72,0x7ffff7fd4339,ARITH,64.0,826.0,54.28,,0.0,826.0,54.28
71,0x7ffff7fd433d,ARITH,64.0,749.0,54.26,,0.0,749.0,54.26
70,0x7ffff7fd4340,STORE,64.0,672.0,93.95,DRAM,0.0,672.0,93.95
69,0x7ffff7fd4343,ARITH,64.0,595.0,55.720000000000006,,0.0,595.0,55.72
68,0x7ffff7fd4346,BRANCH,64.0,518.0,0.0,,2.0,518.0,0.0
110,0x7ffff7fd43ca,OTHER,64.0,70.0,53.94,,0.0,70.0,53.94
112,0x7ffff7fd441b,LOGIC,64.0,74.0,55.35,,0.0,74.0,55.35
96,0x7ffff7fd4443,BRANCH,64.0,31.0,53.68,,2.0,31.0,53.68
116,0x7ffff7fd445a,ARITH,64.0,64.0,53.5,,0.0,64.0,53.5
84,0x7ffff7fd449a,LOGIC,64.0,11.0,55.27,,0.0,11.0,55.27
88,0x7ffff7fd450c,LOAD,64.0,17.0,62.12,L2,0.0,17.0,62.12
90,0x7ffff7fd4511,LOGIC,64.0,20.0,57.6,,0.0,20.0,57.6
79,0x7ffff7fd451a,ARITH,64.0,18.0,55.11,,0.0,18.0,55.11
103,0x7ffff7fd4552,BRANCH,64.0,58.0,55.72,,2.0,58.0,55.72
132,0x7ffff7fd473f,BRANCH,64.0,2.0,0.0,,2.0,2.0,0.0
78,0x7ffff7fd48c8,LOAD,64.0,10.0,48.0,L2,0.0,10.0,48.0
941,0x7ffff7fd6662,ARITH,64.0,4.0,40.0,,0.0,4.0,40.0
57,0x7ffff7fd8f3b,BRANCH,64.0,1.0,0.0,,2.0,1.0,0.0
59,0x7ffff7fd92b4,ARITH,32.0,28.0,53.71,,0.0,28.0,53.71
52,0x7ffff7fd966a,ARITH,64.0,37.0,51.03,,0.0,37.0,51.03
51,0x7ffff7fd9c25,BRANCH,64.0,1.0,0.0,,2.0,1.0,0.0
42,0x7ffff7fda85b,LOAD,64.0,1.0,0.0,,0.0,1.0,0.0
30,0x7ffff7fda9c3,LOGIC,32.0,56.0,64.57,,0.0,56.0,64.57
31,0x7ffff7fda9cc,BRANCH,64.0,58.0,0.0,,1.0,58.0,0.0
18,0x7ffff7fda9d0,ARITH,32.0,453.0,64.21,,0.0,453.0,64.21
10,0x7ffff7fda9d3,BRANCH,64.0,236.0,59.66,,2.0,236.0,59.66
14,0x7ffff7fda9d3,BRANCH,64.0,126.0,60.952857142857155,,2.0,362.0,60.11
20,0x7ffff7fda9d5,LOAD,32.0,499.0,66.37,L2,0.0,499.0,66.37
29,0x7ffff7fda9d5,LOAD,32.0,208.0,66.77788461538456,L2,0.0,707.0,66.49
8,0x7ffff7fda9d5,LOAD,32.0,190.0,68.21,L2,0.0,190.0,68.21
27,0x7ffff7fda9da,OTHER,64.0,660.0,63.18000000000001,,0.0,660.0,63.18
11,0x7ffff7fda9dd,ARITH,64.0,257.0,62.75,,0.0,257.0,62.75
25,0x7ffff7fda9dd,ARITH,64.0,356.0,64.17918539325844,,0.0,613.0,63.58
40,0x7ffff7fda9e1,LOGIC,32.0,1024.0,63.78,,0.0,1024.0,63.78
9,0x7ffff7fda9e1,LOGIC,32.0,213.0,62.95,,0.0,213.0,62.95
19,0x7ffff7fda9e3,BRANCH,64.0,475.0,0.0,,2.0,475.0,0.0
28,0x7ffff7fda9e3,BRANCH,64.0,208.0,0.0,,2.0,683.0,0.0
6,0x7ffff7fdaa3b,LOAD,32.0,9.0,81.78,LLC,0.0,9.0,81.78
15,0x7ffff7fdaa58,ARITH,32.0,879.0,64.0,,0.0,879.0,64.0
2,0x7ffff7fdaa58,ARITH,32.0,27.0,61.63,,0.0,27.0,61.63
21,0x7ffff7fdaa58,ARITH,32.0,1256.0,64.12245222929937,,0.0,1283.0,64.07
7,0x7ffff7fdaa58,ARITH,32.0,355.0,63.91,,0.0,355.0,63.91
23,0x7ffff7fdaa5c,ARITH,64.0,1427.0,63.82,,0.0,1427.0,63.82
24,0x7ffff7fdaa5c,ARITH,64.0,76.0,64.8088157894737,,0.0,1503.0,63.87
35,0x7ffff7fdaa5c,ARITH,64.0,766.0,63.42567885117492,,0.0,2269.0,63.72
22,0x7ffff7fdaa60,ARITH,32.0,1358.0,64.16,,0.0,1358.0,64.16
34,0x7ffff7fdaa64,BRANCH,64.0,2197.0,62.35000000000001,,2.0,2197.0,62.35
38,0x7ffff7fdaa64,BRANCH,64.0,285.0,62.001649122807024,,2.0,2482.0,62.31
5,0x7ffff7fdaa64,BRANCH,64.0,221.0,61.83,,2.0,221.0,61.83
26,0x7ffff7fdaa6a,LOAD,32.0,1642.0,77.7,LLC,0.0,1642.0,77.7
16,0x7ffff7fdaa6f,BRANCH,64.0,951.0,63.7,,2.0,951.0,63.7
3,0x7ffff7fdaa6f,BRANCH,64.0,88.0,62.55,,2.0,88.0,62.55
37,0x7ffff7fdaa6f,BRANCH,64.0,2320.0,63.87855172413793,,2.0,2408.0,63.83
13,0x7ffff7fdaa71,LOAD,32.0,741.0,63.87,L1,0.0,741.0,63.87
17,0x7ffff7fdaa71,LOAD,32.0,277.0,64.82552346570397,L1,0.0,1018.0,64.13
36,0x7ffff7fdaa71,LOAD,32.0,1324.0,64.28919939577038,L1,0.0,2342.0,64.22
39,0x7ffff7fdaa71,LOAD,32.0,196.0,64.60846938775515,L1,0.0,2538.0,64.25
4,0x7ffff7fdaa75,LOGIC,32.0,145.0,63.78,,0.0,145.0,63.78
12,0x7ffff7fdaa78,BRANCH,64.0,695.0,21.78,,2.0,695.0,21.78
32,0x7ffff7fdaa78,BRANCH,64.0,1364.0,22.293240469208214,,2.0,2059.0,22.12
33,0x7ffff7fdaa7e,OTHER,64.0,546.0,63.88,,0.0,546.0,63.88
41,0x7ffff7fdc2cd,ARITH,32.0,13.0,61.54,,0.0,13.0,61.54
50,0x7ffff7fde17a,ARITH,64.0,1.0,0.0,,0.0,1.0,0.0
48,0x7ffff7fe1245,OTHER,64.0,2.0,64.0,,0.0,2.0,64.0
1,0x7ffff7fe430e,LOAD,64.0,2.0,48.0,L2,0.0,2.0,48.0
0,0x7ffff7fe4346,LOAD,32.0,68.0,128.0,L1,0.0,68.0,128.0
43,0x7ffff7fe4a37,STORE,64.0,1.0,0.0,,0.0,1.0,0.0
44,0x7ffff7fe6779,ARITH,64.0,1.0,0.0,,0.0,1.0,0.0
61,0x7ffff7fe6898,ARITH,64.0,1.0,0.0,,0.0,1.0,0.0
134,0x7ffff7fea254,FP,128.0,109.0,55.19,,0.0,109.0,55.19
123,0x7ffff7feb62d,LOGIC,32.0,27.0,55.7,,0.0,27.0,55.7
49,0x7ffff7feda7a,OTHER,32.0,6.0,53.330000000000005,,0.0,6.0,53.33
54,0x7ffff7fee21b,STORE,128.0,18.0,53.33,L1,0.0,18.0,53.33
