ID,PC,Opcode,Bitwidth,Execution_Count,Avg_Latency,MemLevel,BranchCount,Opcode_Num,Opcode_Num_Norm,Bitwidth_Norm,Execution_Count_Norm,Avg_Latency_Norm,FSS_Score
0,0x7ffff7fe40cd,LOAD,64.0,7.0,64.0,L2,0.0,4.0,1.0,0.4666666666666667,6.000420029402058e-05,0.09615384615384615,0.3907201292552017
1,0x7ffff7fe40ea,BRANCH,64.0,5.0,12.8,,2.0,1.0,0.25,0.4666666666666667,4.000280019601372e-05,0.019230769230769232,0.183984359674408
2,0x7ffff7fe42d0,OTHER,64.0,1.0,0.0,,0.0,0.0,0.0,0.4666666666666667,0.0,0.0,0.11666666666666667
16,0x7ffff7fe4346,LOAD,32.0,138.0,80.23,L1,0.0,4.0,1.0,0.2,0.00137009590671347,0.12053786057692308,0.33047698912090917
18,0x7ffff7fe43be,BRANCH,64.0,5.0,57.6,,2.0,1.0,0.25,0.4666666666666667,4.000280019601372e-05,0.08653846153846154,0.20081128275133106
19,0x7ffff7fe430e,LOAD,64.0,2.0,32.0,L1,0.0,4.0,1.0,0.4666666666666667,1.000070004900343e-05,0.04807692307692307,0.3786883976109097
20,0x7ffff7fe2476,OTHER,64.0,1.0,0.0,,0.0,0.0,0.0,0.4666666666666667,0.0,0.0,0.11666666666666667
21,0x7ffff7fe2493,BRANCH,64.0,32.0,0.0,,2.0,1.0,0.25,0.4666666666666667,0.0003100217015191063,0.0,0.17924417209204643
22,0x7ffff7fe248b,ARITH,64.0,66.0,55.76,,0.0,3.0,0.75,0.4666666666666667,0.000650045503185223,0.08377403846153846,0.3252726876578476
23,0x7ffff7fe2516,ARITH,64.0,4.0,48.0,,0.0,3.0,0.75,0.4666666666666667,3.0002100147010288e-05,0.07211538461538461,0.32220301334554957
24,0x7ffff7fe2510,BRANCH,64.0,13.0,54.15,,2.0,1.0,0.25,0.4666666666666667,0.00012000840058804117,0.08135516826923075,0.19953546083412135
25,0x7ffff7fe255c,BRANCH,64.0,1.0,0.0,,2.0,1.0,0.25,0.4666666666666667,0.0,0.0,0.17916666666666667
53,0x7ffff7fdaa04,OTHER,64.0,6.0,48.0,,0.0,0.0,0.0,0.4666666666666667,5.0003500245017145e-05,0.07211538461538461,0.13470801369557409
69,0x7ffff7fdaa12,OTHER,32.0,9.0,56.89,,0.0,0.0,0.0,0.2,8.000560039202744e-05,0.0854717548076923,0.07138794010202108
73,0x7ffff7fda9e8,LOGIC,64.0,9.0,49.78,,0.0,2.0,0.5,0.4666666666666667,8.000560039202744e-05,0.07478966346153845,0.2603840839321493
100,0x7ffff7fdaa3e,LOGIC,32.0,15.0,44.8,,0.0,2.0,0.5,0.2,0.000140009800686048,0.06730769230769229,0.19186192552709458
104,0x7ffff7fda9b4,BRANCH,64.0,16.0,54.0,,2.0,1.0,0.25,0.4666666666666667,0.00015001050073505144,0.08112980769230768,0.19948662121492736
130,0x7ffff7fdaaa7,LOGIC,32.0,17.0,56.47,,0.0,2.0,0.5,0.2,0.00016001120078405488,0.08484074519230768,0.1962501890982729
190,0x7ffff7fdaa02,BRANCH,64.0,32.0,56.0,,2.0,1.0,0.25,0.4666666666666667,0.0003100217015191063,0.08413461538461538,0.2002778259382003
227,0x7ffff7fdaa3b,LOAD,32.0,42.0,57.14,L2,0.0,4.0,1.0,0.2,0.0004100287020091406,0.08584735576923076,0.32156434611781
237,0x7ffff7fdaa50,LOGIC,32.0,41.0,48.39,,0.0,2.0,0.5,0.2,0.0004000280019601372,0.0727013221153846,0.19327533752933618
241,0x7ffff7fda9c5,BRANCH,64.0,42.0,57.14,,2.0,1.0,0.25,0.4666666666666667,0.0004100287020091406,0.08584735576923076,0.20073101278447664
251,0x7ffff7fdaa0b,OTHER,64.0,44.0,55.27,,0.0,0.0,0.0,0.4666666666666667,0.00043003010210714747,0.08303786057692307,0.1375336393364242
255,0x7ffff7fda9e5,OTHER,64.0,44.0,56.0,,0.0,0.0,0.0,0.4666666666666667,0.00043003010210714747,0.08413461538461538,0.1378078280383473
310,0x7ffff7fda9d3,BRANCH,64.0,732.0,51.15,,2.0,1.0,0.25,0.4666666666666667,0.0073105117358215075,0.07684795673076922,0.20020628378331434
316,0x7ffff7fdaa17,OTHER,64.0,57.0,53.89,,0.0,0.0,0.0,0.4666666666666667,0.0005600392027441921,0.08096454326923076,0.1370478122846604
320,0x7ffff7fda9eb,BRANCH,64.0,57.0,0.0,,2.0,1.0,0.25,0.4666666666666667,0.0005600392027441921,0.0,0.1793066764673527
321,0x7ffff7fdaa93,ARITH,32.0,543.0,55.69,,0.0,3.0,0.75,0.2,0.005420379426559859,0.08366887019230768,0.2597723124047169
336,0x7ffff7fdaa22,BRANCH,64.0,64.0,4.5,,2.0,1.0,0.25,0.4666666666666667,0.0006300441030872161,0.006760817307692307,0.18101438201936154
340,0x7ffff7fda9be,ARITH,32.0,62.0,56.77,,0.0,3.0,0.75,0.2,0.0006100427029892093,0.08529146634615384,0.25897537726228576
347,0x7ffff7fdaa08,OTHER,64.0,63.0,54.86,,0.0,0.0,0.0,0.4666666666666667,0.0006200434030382127,0.08242187499999999,0.13742714626742622
350,0x7ffff7fdaa95,BRANCH,64.0,593.0,3.35,,2.0,1.0,0.25,0.4666666666666667,0.00592041442901003,0.005033052884615384,0.18190503349507303
354,0x7ffff7fdaa81,OTHER,64.0,572.0,55.72,,0.0,0.0,0.0,0.4666666666666667,0.005710399727980958,0.0837139423076923,0.13902275217558496
362,0x7ffff7fdaa84,OTHER,32.0,587.0,55.11,,0.0,0.0,0.0,0.2,0.00586041022871601,0.08279747596153846,0.07216447154756361
366,0x7ffff7fdaa00,LOGIC,32.0,67.0,52.54,,0.0,2.0,0.5,0.2,0.0006600462032342264,0.07893629807692307,0.1948990860700393
371,0x7ffff7fda9d0,ARITH,32.0,887.0,83.41,,0.0,3.0,0.75,0.2,0.00886062024341704,0.1253155048076923,0.2710440312627773
376,0x7ffff7fda9e1,LOGIC,32.0,899.0,55.96,,0.0,2.0,0.5,0.2,0.008980628644005081,0.08407451923076922,0.19826378696869357
379,0x7ffff7fdaa60,ARITH,32.0,2406.0,55.26,,0.0,3.0,0.75,0.2,0.02405168361785325,0.08302283653846153,0.2642686300390787
381,0x7ffff7fda9da,OTHER,64.0,911.0,55.36,,0.0,0.0,0.0,0.4666666666666667,0.009100637044593123,0.08317307692307692,0.13973509515858418
384,0x7ffff7fdaa86,NOP,16.0,626.0,54.95,,0.0,0.0,0.0,0.06666666666666667,0.006250437530627144,0.08255709134615384,0.038868548885861914
385,0x7ffff7fdaa78,BRANCH,64.0,2445.0,19.63,,2.0,1.0,0.25,0.4666666666666667,0.02444171091976438,0.029492187499999996,0.1926501412716078
386,0x7ffff7fdaa42,LOAD,32.0,71.0,62.2,L2,0.0,4.0,1.0,0.2,0.0007000490034302401,0.09344951923076923,0.32353739205854987
389,0x7ffff7fdaa7a,OTHER,64.0,637.0,55.26,,0.0,0.0,0.0,0.4666666666666667,0.006360445231166181,0.08302283653846153,0.1390124871090736
390,0x7ffff7fda9c1,BRANCH,64.0,72.0,56.44,,2.0,1.0,0.25,0.4666666666666667,0.0007100497034792435,0.08479567307692307,0.20054309736176723
397,0x7ffff7fdaa20,ARITH,32.0,76.0,56.42,,0.0,3.0,0.75,0.2,0.0007500525036752573,0.084765625,0.2588789193759188
398,0x7ffff7fdaa5c,ARITH,64.0,2529.0,55.37,,0.0,3.0,0.75,0.4666666666666667,0.02528176972388067,0.08318810096153845,0.3312841343380215
401,0x7ffff7fda9ba,OTHER,64.0,74.0,53.19,,0.0,0.0,0.0,0.4666666666666667,0.0007300511035772504,0.07991286057692307,0.13682739458679175
403,0x7ffff7fdaa64,BRANCH,64.0,2556.0,54.42,,2.0,1.0,0.25,0.4666666666666667,0.025551788625203763,0.0817608173076923,0.20599481814989068
404,0x7ffff7fdaa71,LOAD,32.0,2566.0,56.34,L1,0.0,4.0,1.0,0.2,0.025651795625693797,0.08464543269230769,0.32757430707950036
407,0x7ffff7fda9d5,LOAD,32.0,984.0,58.86,L2,0.0,4.0,1.0,0.2,0.009830688148170372,0.08843149038461538,0.3245655446331964
410,0x7ffff7fdaa6f,BRANCH,64.0,2598.0,55.3,,2.0,1.0,0.25,0.4666666666666667,0.025971818027261905,0.08308293269230768,0.20643035434655907
411,0x7ffff7fdaa75,LOGIC,32.0,2608.0,54.59,,0.0,2.0,0.5,0.2,0.02607182502775194,0.08201622596153846,0.2020220127473226
412,0x7ffff7fdaa7e,OTHER,64.0,672.0,54.57,,0.0,0.0,0.0,0.4666666666666667,0.006710469732881301,0.08198617788461537,0.13884082857104085
414,0x7ffff7fda9dd,ARITH,64.0,1024.0,56.12,,0.0,3.0,0.75,0.4666666666666667,0.01023071615013051,0.08431490384615384,0.3278030716657378
415,0x7ffff7fda9e3,BRANCH,64.0,1038.0,0.0,,2.0,1.0,0.25,0.4666666666666667,0.010370725950816558,0.0,0.1817593481543708
417,0x7ffff7fdaa90,LOAD,32.0,707.0,60.61,L1,0.0,4.0,1.0,0.2,0.007060494234596422,0.0910606971153846,0.32453029783749526
418,0x7ffff7fdaa58,ARITH,32.0,2649.0,55.17,,0.0,3.0,0.75,0.2,0.02648185372976108,0.08288762019230769,0.2648423684805172
419,0x7ffff7fdaa6a,LOAD,32.0,2658.0,71.58,LLC,0.0,4.0,1.0,0.2,0.02657186003020211,0.1075420673076923,0.3335284818344736
420,0x7ffff7fdc534,STORE,64.0,1.0,0.0,,0.0,4.0,1.0,0.4666666666666667,0.0,0.0,0.3666666666666667
421,0x7ffff7fdc741,OTHER,32.0,1.0,0.0,,0.0,0.0,0.0,0.2,0.0,0.0,0.05
422,0x7ffff7fdc184,BRANCH,64.0,1.0,0.0,,2.0,1.0,0.25,0.4666666666666667,0.0,0.0,0.17916666666666667
423,0x7ffff7fdc2e2,STORE,32.0,1.0,0.0,,0.0,4.0,1.0,0.2,0.0,0.0,0.3
425,0x7ffff7fdc2c7,BRANCH,64.0,14.0,54.86,,2.0,1.0,0.25,0.4666666666666667,0.0001300091006370446,0.08242187499999999,0.19980463769182594
426,0x7ffff7fdc2ee,LOAD,32.0,17.0,54.59,L2,0.0,4.0,1.0,0.2,0.00016001120078405488,0.08201622596153846,0.3205440592905806
427,0x7ffff7fdc2dc,OTHER,32.0,29.0,61.79,,0.0,0.0,0.0,0.2,0.000280019601372096,0.09283353365384614,0.07327838831380457
428,0x7ffff7fdc7db,BRANCH,64.0,1.0,0.0,,2.0,1.0,0.25,0.4666666666666667,0.0,0.0,0.17916666666666667
429,0x7ffff7fdb416,ARITH,32.0,3.0,32.0,,0.0,3.0,0.75,0.2,2.0001400098006856e-05,0.04807692307692307,0.24952423111925526
430,0x7ffff7fdb413,LOGIC,32.0,6.0,42.67,,0.0,2.0,0.5,0.2,5.0003500245017145e-05,0.0641075721153846,0.1910393939039074
431,0x7ffff7fdb408,LOGIC,32.0,9.0,49.78,,0.0,2.0,0.5,0.2,8.000560039202744e-05,0.07478966346153845,0.1937174172654826
432,0x7ffff7fdd2c5,OTHER,32.0,1.0,0.0,,0.0,0.0,0.0,0.2,0.0,0.0,0.05
434,0x7ffff7fdaddb,BRANCH,64.0,4.0,0.0,,1.0,1.0,0.25,0.4666666666666667,3.0002100147010288e-05,0.0,0.17917416719170343
435,0x7ffff7fda8c0,ARITH,64.0,1.0,0.0,,0.0,3.0,0.75,0.4666666666666667,0.0,0.0,0.3041666666666667
436,0x7ffff7fda845,OTHER,64.0,3.0,42.67,,0.0,0.0,0.0,0.4666666666666667,2.0001400098006856e-05,0.0641075721153846,0.13269856004553732
437,0x7ffff7fda8b5,BRANCH,64.0,4.0,0.0,,2.0,1.0,0.25,0.4666666666666667,3.0002100147010288e-05,0.0,0.17917416719170343
438,0x7ffff7fdad93,LOAD,64.0,7.0,54.86,L1,0.0,4.0,1.0,0.4666666666666667,6.000420029402058e-05,0.08242187499999999,0.38728713646674023
439,0x7ffff7feda6e,FP,128.0,1.0,0.0,,0.0,0.0,0.0,1.0,0.0,0.0,0.25
441,0x7ffff7fdffb8,BRANCH,64.0,18.0,0.0,,2.0,1.0,0.25,0.4666666666666667,0.0001700119008330583,0.0,0.17920916964187494
443,0x7ffff7fdffb3,BRANCH,64.0,49.0,54.2,,2.0,1.0,0.25,0.4666666666666667,0.00048003360235216466,0.08143028846153846,0.19964424718263932
444,0x7ffff7fdffac,ARITH,64.0,66.0,57.7,,0.0,3.0,0.75,0.4666666666666667,0.000650045503185223,0.08668870192307691,0.32600135352323223
445,0x7ffff7fd09aa,ARITH,64.0,1.0,0.0,,0.0,3.0,0.75,0.4666666666666667,0.0,0.0,0.3041666666666667
446,0x7ffff7fd0a64,LOAD,32.0,1.0,0.0,,0.0,4.0,1.0,0.2,0.0,0.0,0.3
447,0x7ffff7fd0c85,BRANCH,64.0,1.0,0.0,,2.0,1.0,0.25,0.4666666666666667,0.0,0.0,0.17916666666666667
448,0x7ffff7fe5339,BRANCH,64.0,1.0,0.0,,2.0,1.0,0.25,0.4666666666666667,0.0,0.0,0.17916666666666667
449,0x7ffff7fe56f0,LOAD,64.0,1.0,0.0,,0.0,4.0,1.0,0.4666666666666667,0.0,0.0,0.3666666666666667
450,0x7ffff7fe566c,LOGIC,32.0,1.0,0.0,,0.0,2.0,0.5,0.2,0.0,0.0,0.175
451,0x7ffff7fe53c8,BRANCH,64.0,3.0,0.0,,2.0,1.0,0.25,0.4666666666666667,2.0001400098006856e-05,0.0,0.17917166701669118
452,0x7ffff7fe54e8,OTHER,32.0,1.0,0.0,,0.0,0.0,0.0,0.2,0.0,0.0,0.05
453,0x7ffff7fe5398,ARITH,32.0,8.0,56.0,,0.0,3.0,0.75,0.2,7.000490034302401e-05,0.08413461538461538,0.2585511550712396
454,0x7ffff7fe5835,LOAD,64.0,1.0,0.0,,0.0,4.0,1.0,0.4666666666666667,0.0,0.0,0.3666666666666667
455,0x7ffff7fe5896,BRANCH,64.0,10.0,9.6,,2.0,1.0,0.25,0.4666666666666667,9.000630044103088e-05,0.01442307692307692,0.18279493747254613
456,0x7ffff7fe589b,ARITH,64.0,3.0,21.33,,0.0,3.0,0.75,0.4666666666666667,2.0001400098006856e-05,0.03204627403846153,0.31218323552630656
457,0x7ffff7fe58fa,LOAD,64.0,1.0,0.0,,0.0,4.0,1.0,0.4666666666666667,0.0,0.0,0.3666666666666667
458,0x7ffff7feda5a,LOGIC,64.0,2.0,32.0,,0.0,2.0,0.5,0.4666666666666667,1.000070004900343e-05,0.04807692307692307,0.25368839761090967
459,0x7ffff7fd0c5b,BRANCH,64.0,2.0,0.0,,1.0,1.0,0.25,0.4666666666666667,1.000070004900343e-05,0.0,0.1791691668416789
460,0x7ffff7fd0d0f,BRANCH,64.0,1.0,0.0,,1.0,1.0,0.25,0.4666666666666667,0.0,0.0,0.17916666666666667
461,0x7ffff7fe5adc,ARITH,64.0,1.0,0.0,,0.0,3.0,0.75,0.4666666666666667,0.0,0.0,0.3041666666666667
462,0x7ffff7fe5b5b,BRANCH,64.0,2.0,32.0,,2.0,1.0,0.25,0.4666666666666667,1.000070004900343e-05,0.04807692307692307,0.19118839761090967
463,0x7ffff7fe5cc4,LOAD,32.0,1.0,0.0,,0.0,4.0,1.0,0.2,0.0,0.0,0.3
464,0x7ffff7fcf103,STORE,32.0,1.0,0.0,,0.0,4.0,1.0,0.2,0.0,0.0,0.3
467,0x7ffff7fce764,LOAD,64.0,1.0,0.0,,0.0,4.0,1.0,0.4666666666666667,0.0,0.0,0.3666666666666667
468,0x7ffff7feaaf5,FP,128.0,1.0,0.0,,0.0,0.0,0.0,1.0,0.0,0.0,0.25
473,0x7ffff7fce7a3,LOAD,64.0,2.0,96.0,L2,0.0,4.0,1.0,0.4666666666666667,1.000070004900343e-05,0.14423076923076922,0.40272685914937123
474,0x7ffff7feb147,ARITH,32.0,1.0,0.0,,0.0,3.0,0.75,0.2,0.0,0.0,0.2375
478,0x7ffff7fce787,BRANCH,64.0,3.0,42.67,,2.0,1.0,0.25,0.4666666666666667,2.0001400098006856e-05,0.0641075721153846,0.19519856004553734
480,0x7ffff7fcf27a,BRANCH,64.0,3.0,64.0,,2.0,1.0,0.25,0.4666666666666667,2.0001400098006856e-05,0.09615384615384615,0.20321012855515272
482,0x7ffff7fcf1c5,BRANCH,64.0,4.0,0.0,,1.0,1.0,0.25,0.4666666666666667,3.0002100147010288e-05,0.0,0.17917416719170343
484,0x7ffff7fce2b7,LOGIC,64.0,4.0,48.0,,0.0,2.0,0.5,0.4666666666666667,3.0002100147010288e-05,0.07211538461538461,0.25970301334554957
485,0x7ffff7fe5ff2,LOAD,64.0,1.0,0.0,,0.0,4.0,1.0,0.4666666666666667,0.0,0.0,0.3666666666666667
489,0x7ffff7fce25d,OTHER,64.0,5.0,44.8,,0.0,0.0,0.0,0.4666666666666667,4.000280019601372e-05,0.06730769230769229,0.13350359044363874
492,0x7ffff7fe0480,NOP,32.0,1.0,0.0,,0.0,0.0,0.0,0.2,0.0,0.0,0.05
493,0x7ffff7fe0502,STORE,32.0,1.0,0.0,,0.0,4.0,1.0,0.2,0.0,0.0,0.3
494,0x7ffff7fe1260,BRANCH,64.0,1.0,0.0,,2.0,1.0,0.25,0.4666666666666667,0.0,0.0,0.17916666666666667
495,0x7ffff7fed83b,LOGIC,128.0,3.0,32.0,,0.0,2.0,0.5,1.0,2.0001400098006856e-05,0.04807692307692307,0.38702423111925527
496,0x7ffff7fd03dd,LOAD,64.0,3.0,320.0,LLC,0.0,4.0,1.0,0.4666666666666667,2.0001400098006856e-05,0.4807692307692307,0.4868639747089989
497,0x7ffff7fe1273,LOGIC,64.0,4.0,40.0,,0.0,2.0,0.5,0.4666666666666667,3.0002100147010288e-05,0.06009615384615384,0.25669820565324186
498,0x7ffff7fe122d,LOAD,64.0,8.0,60.0,L1,0.0,4.0,1.0,0.4666666666666667,7.000490034302401e-05,0.09014423076923075,0.38922022558406016
499,0x7ffff7fe0685,FP,128.0,2.0,32.0,,0.0,0.0,0.0,1.0,1.000070004900343e-05,0.04807692307692307,0.262021730944243
500,0x7ffff7fe0725,STORE,128.0,1.0,0.0,,0.0,4.0,1.0,1.0,0.0,0.0,0.5
501,0x7ffff7feda6a,LOAD,128.0,5.0,665.6,DRAM,0.0,4.0,1.0,1.0,4.000280019601372e-05,1.0,0.750010000700049
502,0x7ffff7fd040a,BRANCH,64.0,4.0,40.0,,2.0,1.0,0.25,0.4666666666666667,3.0002100147010288e-05,0.06009615384615384,0.1941982056532419
503,0x7ffff7fe127b,LOAD,32.0,7.0,54.86,L1,0.0,4.0,1.0,0.2,6.000420029402058e-05,0.08242187499999999,0.3206204698000735
504,0x7ffff7fee020,LOAD,64.0,1.0,0.0,,1.0,4.0,1.0,0.4666666666666667,0.0,0.0,0.3666666666666667
505,0x7ffff7fe12b7,LOAD,64.0,10.0,57.6,L1,0.0,4.0,1.0,0.4666666666666667,9.000630044103088e-05,0.08653846153846154,0.3883237836263923
506,0x7ffff7fedfe8,BRANCH,64.0,3.0,42.67,,2.0,1.0,0.25,0.4666666666666667,2.0001400098006856e-05,0.0641075721153846,0.19519856004553734
507,0x7ffff7fe0b6c,ARITH,64.0,1.0,0.0,,0.0,3.0,0.75,0.4666666666666667,0.0,0.0,0.3041666666666667
508,0x7ffff7fe0c43,LOAD,64.0,3.0,53.33,L2,0.0,4.0,1.0,0.4666666666666667,2.0001400098006856e-05,0.08012319711538461,0.38670246629553734
509,0x7ffff7fe0c62,ARITH,64.0,2.0,16.0,,0.0,3.0,0.75,0.4666666666666667,1.000070004900343e-05,0.024038461538461536,0.3101787822262943
510,0x7ffff7fe0cc2,OTHER,64.0,1.0,0.0,,0.0,0.0,0.0,0.4666666666666667,0.0,0.0,0.11666666666666667
511,0x7ffff7fd03fc,OTHER,64.0,6.0,48.0,,0.0,0.0,0.0,0.4666666666666667,5.0003500245017145e-05,0.07211538461538461,0.13470801369557409
512,0x7ffff7fcb86a,STORE,64.0,1.0,0.0,,0.0,4.0,1.0,0.4666666666666667,0.0,0.0,0.3666666666666667
513,0x7ffff7fcb83a,STORE,64.0,4.0,0.0,,1.0,4.0,1.0,0.4666666666666667,3.0002100147010288e-05,0.0,0.3666741671917034
514,0x7ffff7fe6153,OTHER,64.0,1.0,0.0,,0.0,0.0,0.0,0.4666666666666667,0.0,0.0,0.11666666666666667
515,0x7ffff7fe99a0,NOP,32.0,1.0,0.0,,0.0,0.0,0.0,0.2,0.0,0.0,0.05
516,0x7ffff7fc69d5,STORE,32.0,1.0,0.0,,0.0,4.0,1.0,0.2,0.0,0.0,0.3
517,0x7ffff7fe030a,BRANCH,64.0,1.0,0.0,,2.0,1.0,0.25,0.4666666666666667,0.0,0.0,0.17916666666666667
519,0x7ffff7fea235,ARITH,32.0,7.0,50.29,,0.0,3.0,0.75,0.2,6.000420029402058e-05,0.07555588942307692,0.25640397340584276
520,0x7ffff7feb632,OTHER,64.0,4.0,64.0,,0.0,0.0,0.0,0.4666666666666667,3.0002100147010288e-05,0.09615384615384615,0.14071262873016496
521,0x7ffff7fd0698,STORE,64.0,3.0,42.67,L1,0.0,4.0,1.0,0.4666666666666667,2.0001400098006856e-05,0.0641075721153846,0.3826985600455373
522,0x7ffff7fea23a,LOAD,128.0,10.0,227.2,L2,0.0,4.0,1.0,1.0,9.000630044103088e-05,0.3413461538461538,0.5853590400366487
523,0x7ffff7fcd875,ARITH,64.0,1.0,0.0,,0.0,3.0,0.75,0.4666666666666667,0.0,0.0,0.3041666666666667
524,0x7ffff7fe9884,OTHER,64.0,1.0,0.0,,0.0,0.0,0.0,0.4666666666666667,0.0,0.0,0.11666666666666667
525,0x7ffff7fea22c,LOGIC,64.0,16.0,54.0,,0.0,2.0,0.5,0.4666666666666667,0.00015001050073505144,0.08112980769230768,0.26198662121492733
526,0x7ffff7fd9829,OTHER,64.0,1.0,0.0,,0.0,0.0,0.0,0.4666666666666667,0.0,0.0,0.11666666666666667
528,0x7ffff7fd9644,OTHER,32.0,11.0,52.36,,0.0,0.0,0.0,0.2,0.0001000070004900343,0.07866586538461538,0.06969146809627635
529,0x7ffff7fd965a,BRANCH,64.0,16.0,44.0,,2.0,1.0,0.25,0.4666666666666667,0.00015001050073505144,0.06610576923076922,0.19573061159954275
530,0x7ffff7fd984f,OTHER,32.0,3.0,21.33,,0.0,0.0,0.0,0.2,2.0001400098006856e-05,0.03204627403846153,0.058016568859639885
531,0x7ffff7fd982c,OTHER,64.0,7.0,54.86,,0.0,0.0,0.0,0.4666666666666667,6.000420029402058e-05,0.08242187499999999,0.13728713646674018
532,0x7ffff7fd9658,ARITH,32.0,31.0,56.77,,0.0,3.0,0.75,0.2,0.0003000210014701029,0.08529146634615384,0.258897871836906
533,0x7ffff7fd9674,BRANCH,64.0,28.0,0.0,,2.0,1.0,0.25,0.4666666666666667,0.0002700189013230926,0.0,0.17923417139199743
534,0x7ffff7fd9647,OTHER,32.0,44.0,52.36,,0.0,0.0,0.0,0.2,0.00043003010210714747,0.07866586538461538,0.06977397387168063
535,0x7ffff7fd9652,BRANCH,64.0,47.0,55.83,,2.0,1.0,0.25,0.4666666666666667,0.0004600322022541578,0.08387920673076922,0.20025147639992252
536,0x7ffff7fedaa2,OTHER,64.0,1.0,0.0,,0.0,0.0,0.0,0.4666666666666667,0.0,0.0,0.11666666666666667
537,0x7ffff7fd0400,STORE,64.0,7.0,59.43,L2,0.0,4.0,1.0,0.4666666666666667,6.000420029402058e-05,0.08928786057692308,0.389003632860971
538,0x7ffff7fc99a4,LOGIC,32.0,1.0,0.0,,0.0,2.0,0.5,0.2,0.0,0.0,0.175
539,0x7ffff7fc9afa,OTHER,64.0,1.0,0.0,,0.0,0.0,0.0,0.4666666666666667,0.0,0.0,0.11666666666666667
540,0x7ffff7fe9ba4,BRANCH,64.0,2.0,32.0,,2.0,1.0,0.25,0.4666666666666667,1.000070004900343e-05,0.04807692307692307,0.19118839761090967
541,0x7ffff7fc9c85,ARITH,64.0,2.0,32.0,,0.0,3.0,0.75,0.4666666666666667,1.000070004900343e-05,0.04807692307692307,0.3161883976109097
542,0x7ffff7fc631e,BRANCH,64.0,1.0,0.0,,2.0,1.0,0.25,0.4666666666666667,0.0,0.0,0.17916666666666667
543,0x7ffff7feda50,LOGIC,128.0,10.0,44.8,,0.0,2.0,0.5,1.0,9.000630044103088e-05,0.06730769230769229,0.3918494246520333
544,0x7ffff7fd0c50,STORE,32.0,3.0,74.67,L2,0.0,4.0,1.0,0.2,2.0001400098006856e-05,0.11218449519230768,0.3280511241481014
545,0x7ffff7fd040f,ARITH,64.0,8.0,44.0,,0.0,3.0,0.75,0.4666666666666667,7.000490034302401e-05,0.06610576923076922,0.32071061019944475
546,0x7ffff7fcbcc4,ARITH,64.0,1.0,0.0,,0.0,3.0,0.75,0.4666666666666667,0.0,0.0,0.3041666666666667
547,0x7ffff7fcbde1,ARITH,32.0,2.0,16.0,,0.0,3.0,0.75,0.2,1.000070004900343e-05,0.024038461538461536,0.24351211555962762
548,0x7ffff7fcc310,OTHER,64.0,2.0,32.0,,0.0,0.0,0.0,0.4666666666666667,1.000070004900343e-05,0.04807692307692307,0.1286883976109097
549,0x7ffff7fcc2a3,BRANCH,64.0,5.0,25.6,,2.0,1.0,0.25,0.4666666666666667,4.000280019601372e-05,0.038461538461538464,0.18879205198210028
550,0x7ffff7fcbde4,BRANCH,64.0,8.0,4.0,,2.0,1.0,0.25,0.4666666666666667,7.000490034302401e-05,0.006009615384615384,0.18068657173790628
551,0x7ffff7fcbe60,OTHER,64.0,3.0,53.33,,0.0,0.0,0.0,0.4666666666666667,2.0001400098006856e-05,0.08012319711538461,0.1367024662955373
552,0x7ffff7fcc067,LOAD,32.0,1.0,0.0,,0.0,4.0,1.0,0.2,0.0,0.0,0.3
553,0x7ffff7fe9cbf,LOAD,64.0,6.0,0.0,,1.0,4.0,1.0,0.4666666666666667,5.0003500245017145e-05,0.0,0.36667916754172797
554,0x7ffff7fee21b,STORE,128.0,7.0,32.0,L1,0.0,4.0,1.0,1.0,6.000420029402058e-05,0.04807692307692307,0.5120342318193042
555,0x7ffff7fee223,ARITH,64.0,21.0,53.33,,0.0,3.0,0.75,0.4666666666666667,0.00020001400098006858,0.08012319711538461,0.3242474694457579
556,0x7ffff7fcc57c,OTHER,32.0,1.0,0.0,,0.0,0.0,0.0,0.2,0.0,0.0,0.05
557,0x7ffff7fcc5ad,LOAD,64.0,11.0,75.64,L2,0.0,4.0,1.0,0.4666666666666667,0.0001000070004900343,0.11364182692307691,0.39510212514755844
558,0x7ffff7fcc5ca,BRANCH,64.0,5.0,12.8,,2.0,1.0,0.25,0.4666666666666667,4.000280019601372e-05,0.019230769230769232,0.183984359674408
559,0x7ffff7fcc75b,BRANCH,64.0,1.0,0.0,,2.0,1.0,0.25,0.4666666666666667,0.0,0.0,0.17916666666666667
560,0x7ffff7fcc847,BRANCH,64.0,6.0,0.0,,2.0,1.0,0.25,0.4666666666666667,5.0003500245017145e-05,0.0,0.1791791675417279
561,0x7ffff7fcd104,OTHER,32.0,1.0,0.0,,0.0,0.0,0.0,0.2,0.0,0.0,0.05
562,0x7ffff7fcc9e7,LOAD,64.0,1.0,0.0,,0.0,4.0,1.0,0.4666666666666667,0.0,0.0,0.3666666666666667
563,0x7ffff7fcca81,BRANCH,64.0,1.0,0.0,,2.0,1.0,0.25,0.4666666666666667,0.0,0.0,0.17916666666666667
564,0x7ffff7fcd601,ARITH,64.0,1.0,0.0,,0.0,3.0,0.75,0.4666666666666667,0.0,0.0,0.3041666666666667
567,0x7ffff7fc69eb,STORE,64.0,2.0,32.0,L1,0.0,4.0,1.0,0.4666666666666667,1.000070004900343e-05,0.04807692307692307,0.3786883976109097
568,0x7ffff7fed892,FP,128.0,1.0,0.0,,0.0,0.0,0.0,1.0,0.0,0.0,0.25
569,0x7ffff7fc647d,LOAD,64.0,2.0,48.0,L2,0.0,4.0,1.0,0.4666666666666667,1.000070004900343e-05,0.07211538461538461,0.3846980129955251
570,0x7ffff7fd06ab,BRANCH,64.0,4.0,40.0,,2.0,1.0,0.25,0.4666666666666667,3.0002100147010288e-05,0.06009615384615384,0.1941982056532419
573,0x7ffff7fc6495,STORE,64.0,2.0,48.0,L2,0.0,4.0,1.0,0.4666666666666667,1.000070004900343e-05,0.07211538461538461,0.3846980129955251
574,0x7ffff7fc6d31,ARITH,64.0,32.0,54.0,,0.0,3.0,0.75,0.4666666666666667,0.0003100217015191063,0.08112980769230768,0.3245266240151234
575,0x7ffff7fc6d35,BRANCH,64.0,43.0,52.84,,2.0,1.0,0.25,0.4666666666666667,0.00042002940205814403,0.07938701923076923,0.1991184288248735
576,0x7ffff7fedfbd,LOAD,128.0,4.0,96.0,L2,0.0,4.0,1.0,1.0,3.0002100147010288e-05,0.14423076923076922,0.536065192832729
577,0x7ffff7fd03f8,LOGIC,64.0,11.0,49.45,,0.0,2.0,0.5,0.4666666666666667,0.0001000070004900343,0.0742938701923077,0.2602651359648661
578,0x7ffff7fc72b8,OTHER,32.0,1.0,0.0,,0.0,0.0,0.0,0.2,0.0,0.0,0.05
579,0x7ffff7fd6a78,ARITH,64.0,1.0,0.0,,0.0,3.0,0.75,0.4666666666666667,0.0,0.0,0.3041666666666667
580,0x7ffff7fedfcb,STORE,128.0,7.0,64.0,L1,0.0,4.0,1.0,1.0,6.000420029402058e-05,0.09615384615384615,0.524053462588535
581,0x7ffff7fe647d,BRANCH,64.0,1.0,0.0,,2.0,1.0,0.25,0.4666666666666667,0.0,0.0,0.17916666666666667
582,0x7ffff7fd8e93,LOAD,64.0,1.0,0.0,,0.0,4.0,1.0,0.4666666666666667,0.0,0.0,0.3666666666666667
583,0x7ffff7fea226,OTHER,32.0,26.0,50.46,,0.0,0.0,0.0,0.2,0.00025001750122508574,0.07581129807692308,0.06901532889453704
584,0x7ffff7fea260,ARITH,32.0,18.0,56.89,,0.0,3.0,0.75,0.2,0.0001700119008330583,0.0854717548076923,0.25891044167713134
586,0x7ffff7fd8f06,LOAD,64.0,2.0,32.0,L1,0.0,4.0,1.0,0.4666666666666667,1.000070004900343e-05,0.04807692307692307,0.3786883976109097
588,0x7ffff7fd8f91,LOAD,32.0,24.0,73.33,L1,0.0,4.0,1.0,0.2,0.00023001610112707887,0.11017127403846153,0.3276003225348971
589,0x7ffff7fd8fa1,BRANCH,64.0,35.0,55.77,,2.0,1.0,0.25,0.4666666666666667,0.00034002380166611664,0.0837890625,0.20019893824208318
590,0x7ffff7fd928d,LOAD,64.0,1.0,0.0,,0.0,4.0,1.0,0.4666666666666667,0.0,0.0,0.3666666666666667
591,0x7ffff7fd9354,STORE,32.0,2.0,64.0,L2,0.0,4.0,1.0,0.2,1.000070004900343e-05,0.09615384615384615,0.32404096171347374
592,0x7ffff7fd04fd,OTHER,64.0,5.0,44.8,,0.0,0.0,0.0,0.4666666666666667,4.000280019601372e-05,0.06730769230769229,0.13350359044363874
593,0x7ffff7fd8df6,STORE,64.0,3.0,42.67,L1,0.0,4.0,1.0,0.4666666666666667,2.0001400098006856e-05,0.0641075721153846,0.3826985600455373
594,0x7ffff7fd06a9,LOGIC,32.0,9.0,56.89,,0.0,2.0,0.5,0.2,8.000560039202744e-05,0.0854717548076923,0.19638794010202107
595,0x7ffff7fea298,BRANCH,64.0,16.0,50.0,,2.0,1.0,0.25,0.4666666666666667,0.00015001050073505144,0.0751201923076923,0.1979842173687735
596,0x7ffff7fd06ef,LOAD,64.0,8.0,56.0,L1,0.0,4.0,1.0,0.4666666666666667,7.000490034302401e-05,0.08413461538461538,0.3877178217379063
597,0x7ffff7fea2b1,LOAD,64.0,18.0,318.22,LLC,0.0,4.0,1.0,0.4666666666666667,0.0001700119008330583,0.47809495192307694,0.48623290762264415
598,0x7ffff7feb64c,ARITH,32.0,38.0,56.42,,0.0,3.0,0.75,0.2,0.0003700259018131269,0.084765625,0.25878391272545326
599,0x7ffff7feb4fd,FP,128.0,13.0,54.15,,0.0,0.0,0.0,1.0,0.00012000840058804117,0.08135516826923075,0.27036879416745474
600,0x7ffff7fd8f95,BRANCH,64.0,39.0,53.33,,2.0,1.0,0.25,0.4666666666666667,0.00038002660186213033,0.08012319711538461,0.19929247259597835
601,0x7ffff7fd909f,STORE,64.0,4.0,0.0,,1.0,4.0,1.0,0.4666666666666667,3.0002100147010288e-05,0.0,0.3666741671917034
602,0x7ffff7fd8f9f,LOGIC,32.0,42.0,60.19,,0.0,2.0,0.5,0.2,0.0004100287020091406,0.0904296875,0.19770992905050228
604,0x7ffff7fd92be,LOGIC,32.0,18.0,56.89,,0.0,2.0,0.5,0.2,0.0001700119008330583,0.0854717548076923,0.19641044167713134
605,0x7ffff7fd92af,LOGIC,32.0,31.0,55.74,,0.0,2.0,0.5,0.2,0.0003000210014701029,0.08374399038461539,0.19601100284652134
606,0x7ffff7fd0407,ARITH,64.0,14.0,50.29,,0.0,3.0,0.75,0.4666666666666667,0.0001300091006370446,0.07555588942307692,0.3230881412975952
607,0x7ffff7fd936e,LOAD,32.0,5.0,44.8,L1,0.0,4.0,1.0,0.2,4.000280019601372e-05,0.06730769230769229,0.3168369237769721
608,0x7ffff7fd9458,LOAD,32.0,6.0,48.0,L1,0.0,4.0,1.0,0.2,5.0003500245017145e-05,0.07211538461538461,0.3180413470289074
609,0x7ffff7fd944d,STORE,64.0,12.0,53.33,L1,0.0,4.0,1.0,0.4666666666666667,0.00011000770053903773,0.08012319711538461,0.3867249678706476
610,0x7ffff7fd9447,ARITH,64.0,18.0,55.11,,0.0,3.0,0.75,0.4666666666666667,0.0001700119008330583,0.08279747596153846,0.32490853863225955
611,0x7ffff7fd943f,OTHER,64.0,24.0,56.0,,0.0,0.0,0.0,0.4666666666666667,0.00023001610112707887,0.08413461538461538,0.13775782453810229
612,0x7ffff7fd9436,LOAD,32.0,30.0,54.4,L1,0.0,4.0,1.0,0.2,0.00029002030142109944,0.08173076923076922,0.32050519738304756
613,0x7ffff7fd942f,LOAD,32.0,36.0,55.11,L1,0.0,4.0,1.0,0.2,0.00035002450171512,0.08279747596153846,0.3207868751158134
614,0x7ffff7fd92ab,LOAD,32.0,42.0,87.62,LLC,0.0,4.0,1.0,0.2,0.0004100287020091406,0.13164062499999998,0.3330126634255023
615,0x7ffff7fd942a,BRANCH,64.0,3.0,0.0,,1.0,1.0,0.25,0.4666666666666667,2.0001400098006856e-05,0.0,0.17917166701669118
616,0x7ffff7fd9443,OTHER,64.0,43.0,55.81,,0.0,0.0,0.0,0.4666666666666667,0.00042002940205814403,0.08384915865384615,0.13773396368064275
617,0x7ffff7fe3d64,STORE,64.0,1.0,0.0,,0.0,4.0,1.0,0.4666666666666667,0.0,0.0,0.3666666666666667
618,0x7ffff7fd706a,ARITH,64.0,1.0,0.0,,0.0,3.0,0.75,0.4666666666666667,0.0,0.0,0.3041666666666667
619,0x7ffff7fd7426,OTHER,64.0,1.0,0.0,,0.0,0.0,0.0,0.4666666666666667,0.0,0.0,0.11666666666666667
622,0x7ffff7fd7486,STORE,64.0,228.0,60.21,LLC,0.0,4.0,1.0,0.4666666666666667,0.0022701589111237784,0.09045973557692306,0.3898491402886784
623,0x7ffff7fd03d0,NOP,32.0,18.0,142.22,,0.0,0.0,0.0,0.2,0.0001700119008330583,0.21367187499999998,0.10346047172520825
624,0x7ffff7fdadb8,BRANCH,64.0,14.0,0.0,,2.0,1.0,0.25,0.4666666666666667,0.0001300091006370446,0.0,0.17919916894182594
625,0x7ffff7fe686f,OTHER,64.0,3.0,32.0,,0.0,0.0,0.0,0.4666666666666667,2.0001400098006856e-05,0.04807692307692307,0.12869089778592194
626,0x7ffff7fe6a51,LOAD,64.0,1.0,0.0,,0.0,4.0,1.0,0.4666666666666667,0.0,0.0,0.3666666666666667
627,0x7ffff7fd3f56,LOAD,64.0,1.0,0.0,,0.0,4.0,1.0,0.4666666666666667,0.0,0.0,0.3666666666666667
771,0x7ffff7fd4328,BRANCH,64.0,1105.0,53.11,,2.0,1.0,0.25,0.4666666666666667,0.011040772854099788,0.07979266826923076,0.20187502694749931
772,0x7ffff7fd4318,LOAD,64.0,1113.0,59.83,L2,0.0,4.0,1.0,0.4666666666666667,0.011120778454491815,0.08988882211538461,0.3919190668091358
773,0x7ffff7fd433d,ARITH,64.0,1120.0,54.8,,0.0,3.0,0.75,0.4666666666666667,0.01119078335483484,0.08233173076923075,0.3275472951976831
774,0x7ffff7fd432a,ARITH,64.0,1128.0,53.65,,0.0,3.0,0.75,0.4666666666666667,0.011270788955226867,0.08060396634615384,0.32713535549201184
775,0x7ffff7fd431c,LOAD,32.0,1136.0,57.15,L1,0.0,4.0,1.0,0.2,0.011350794555618894,0.0858623798076923,0.32430329359082777
776,0x7ffff7fd4340,STORE,64.0,1143.0,84.83,DRAM,0.0,4.0,1.0,0.4666666666666667,0.011420799455961918,0.12744891826923074,0.4013840960979648
777,0x7ffff7fd432e,BRANCH,64.0,1151.0,54.41,,2.0,1.0,0.25,0.4666666666666667,0.011500805056353945,0.08174579326923076,0.20247831624806284
778,0x7ffff7fd4321,ARITH,64.0,1159.0,54.42,,0.0,3.0,0.75,0.4666666666666667,0.011580810656745972,0.0817608173076923,0.3275020736577762
779,0x7ffff7fd4343,ARITH,64.0,1166.0,53.54,,0.0,3.0,0.75,0.4666666666666667,0.011650815557088997,0.08043870192307691,0.3271890460367082
780,0x7ffff7fd4334,LOAD,64.0,1174.0,58.98,L1,0.0,4.0,1.0,0.4666666666666667,0.011730821157481024,0.08861177884615383,0.3917523166675754
781,0x7ffff7fd4324,ARITH,64.0,1182.0,55.2,,0.0,3.0,0.75,0.4666666666666667,0.01181082675787305,0.0829326923076923,0.32785254643305806
782,0x7ffff7fd4346,BRANCH,64.0,1189.0,0.0,,2.0,1.0,0.25,0.4666666666666667,0.011880831658216075,0.0,0.1821368745812207
783,0x7ffff7fd4339,ARITH,64.0,1197.0,54.46,,0.0,3.0,0.75,0.4666666666666667,0.011960837258608102,0.08182091346153846,0.32761210434670335
784,0x7ffff7fcf0e3,STORE,64.0,6.0,53.33,L1,0.0,4.0,1.0,0.4666666666666667,5.0003500245017145e-05,0.08012319711538461,0.3867099668205741
789,0x7ffff7fd48ee,LOAD,64.0,1.0,0.0,,0.0,4.0,1.0,0.4666666666666667,0.0,0.0,0.3666666666666667
790,0x7ffff7fd441b,LOGIC,64.0,4.0,64.0,,0.0,2.0,0.5,0.4666666666666667,3.0002100147010288e-05,0.09615384615384615,0.265712628730165
791,0x7ffff7fd4902,BRANCH,64.0,4.0,0.0,,1.0,1.0,0.25,0.4666666666666667,3.0002100147010288e-05,0.0,0.17917416719170343
794,0x7ffff7fd49be,BRANCH,64.0,9.0,53.33,,2.0,1.0,0.25,0.4666666666666667,8.000560039202744e-05,0.08012319711538461,0.19921746734561083
795,0x7ffff7fd43c1,OTHER,64.0,12.0,45.33,,0.0,0.0,0.0,0.4666666666666667,0.00011000770053903773,0.06810396634615384,0.13372016017833988
799,0x7ffff7fd43ea,OTHER,64.0,18.0,46.22,,0.0,0.0,0.0,0.4666666666666667,0.0001700119008330583,0.06944110576923077,0.13406944608418261
804,0x7ffff7fce6eb,BRANCH,64.0,7.0,36.57,,2.0,1.0,0.25,0.4666666666666667,6.000420029402058e-05,0.05494290865384615,0.1929173948802017
805,0x7ffff7fd43ce,STORE,64.0,19.0,53.89,L1,0.0,4.0,1.0,0.4666666666666667,0.00018001260088206173,0.08096454326923076,0.3869528056341949
816,0x7ffff7fce76c,STORE,64.0,9.0,56.89,L1,0.0,4.0,1.0,0.4666666666666667,8.000560039202744e-05,0.0854717548076923,0.38805460676868775
820,0x7ffff7fce3fc,STORE,64.0,10.0,54.4,L1,0.0,4.0,1.0,0.4666666666666667,9.000630044103088e-05,0.08173076923076922,0.38712186054946923
822,0x7ffff7fea224,OTHER,32.0,48.0,52.67,,0.0,0.0,0.0,0.2,0.00047003290230316117,0.07913161057692307,0.06990041086980656
823,0x7ffff7fcf269,BRANCH,64.0,10.0,48.0,,2.0,1.0,0.25,0.4666666666666667,9.000630044103088e-05,0.07211538461538461,0.19721801439562306
824,0x7ffff7fd4490,LOGIC,32.0,6.0,42.67,,0.0,2.0,0.5,0.2,5.0003500245017145e-05,0.0641075721153846,0.1910393939039074
829,0x7ffff7fce712,BRANCH,64.0,11.0,0.0,,1.0,1.0,0.25,0.4666666666666667,0.0001000070004900343,0.0,0.17919166841678918
830,0x7ffff7fd43ee,LOAD,64.0,23.0,80.7,L2,0.0,4.0,1.0,0.4666666666666667,0.00022001540107807546,0.12124399038461538,0.39703266811309007
858,0x7ffff7fce2ba,BRANCH,64.0,16.0,48.0,,2.0,1.0,0.25,0.4666666666666667,0.00015001050073505144,0.07211538461538461,0.19723301544569657
859,0x7ffff7fcf228,BRANCH,64.0,16.0,48.0,,2.0,1.0,0.25,0.4666666666666667,0.00015001050073505144,0.07211538461538461,0.19723301544569657
860,0x7ffff7fd4440,ARITH,32.0,12.0,56.0,,0.0,3.0,0.75,0.2,0.00011000770053903773,0.08413461538461538,0.2585611557712886
864,0x7ffff7fce7e4,STORE,64.0,17.0,0.0,,1.0,4.0,1.0,0.4666666666666667,0.00016001120078405488,0.0,0.3667066694668627
865,0x7ffff7fce6d8,ARITH,32.0,17.0,50.82,,0.0,3.0,0.75,0.2,0.00016001120078405488,0.07635216346153846,0.2566280436655806
866,0x7ffff7fd43ba,LOAD,64.0,29.0,59.59,L1,0.0,4.0,1.0,0.4666666666666667,0.000280019601372096,0.08952824519230769,0.38911873286508664
877,0x7ffff7fcf284,ARITH,64.0,19.0,52.21,,0.0,3.0,0.75,0.4666666666666667,0.00018001260088206173,0.0784405048076923,0.3238217960188103
878,0x7ffff7fd44a3,LOGIC,32.0,15.0,51.2,,0.0,2.0,0.5,0.2,0.000140009800686048,0.07692307692307693,0.19426577168094072
885,0x7ffff7fce45b,STORE,32.0,21.0,56.38,L1,0.0,4.0,1.0,0.2,0.00020001400098006858,0.08470552884615384,0.32122638571178347
886,0x7ffff7fce74d,LOAD,32.0,21.0,62.48,L1,0.0,4.0,1.0,0.2,0.00020001400098006858,0.0938701923076923,0.3235175515771681
887,0x7ffff7feb648,LOAD,32.0,60.0,67.2,LLC,0.0,4.0,1.0,0.2,0.0005900413028912024,0.10096153846153846,0.3253878949411074
888,0x7ffff7fd450c,LOAD,64.0,16.0,54.0,L1,0.0,4.0,1.0,0.4666666666666667,0.00015001050073505144,0.08112980769230768,0.3869866212149274
889,0x7ffff7fd44e3,STORE,64.0,17.0,0.0,,1.0,4.0,1.0,0.4666666666666667,0.00016001120078405488,0.0,0.3667066694668627
892,0x7ffff7fce4a7,LOAD,32.0,39.0,53.33,L1,0.0,4.0,1.0,0.2,0.00038002660186213033,0.08012319711538461,0.32012580592931167
895,0x7ffff7fd454b,LOAD,32.0,17.0,52.71,L1,0.0,4.0,1.0,0.2,0.00016001120078405488,0.07919170673076922,0.3198379294828883
896,0x7ffff7fcf124,STORE,32.0,23.0,55.65,L1,0.0,4.0,1.0,0.2,0.00022001540107807546,0.08360877403846152,0.32095719735988487
904,0x7ffff7fcf1ed,LOAD,64.0,24.0,65.33,LLC,0.0,4.0,1.0,0.4666666666666667,0.00023001610112707887,0.09815204326923076,0.3912621815092561
906,0x7ffff7fce7b2,OTHER,32.0,24.0,54.67,,0.0,0.0,0.0,0.2,0.00023001610112707887,0.08213641826923077,0.07059160859258946
907,0x7ffff7feb629,OTHER,64.0,23.0,54.26,,0.0,0.0,0.0,0.4666666666666667,0.00022001540107807546,0.08152043269230769,0.1371017786900131
912,0x7ffff7fce4e5,LOAD,32.0,46.0,53.57,L1,0.0,4.0,1.0,0.2,0.00045003150220515435,0.08048377403846153,0.3202334513851667
921,0x7ffff7fd450e,LOGIC,32.0,21.0,54.86,,0.0,2.0,0.5,0.2,0.00020001400098006858,0.08242187499999999,0.195655472250245
922,0x7ffff7fd4532,BRANCH,64.0,38.0,0.0,,1.0,1.0,0.25,0.4666666666666667,0.0003700259018131269,0.0,0.17925917314211995
923,0x7ffff7fcf113,LOGIC,32.0,27.0,53.33,,0.0,2.0,0.5,0.2,0.0002600182012740892,0.08012319711538461,0.19509580382916467
927,0x7ffff7fce7ed,LOGIC,64.0,27.0,53.33,,0.0,2.0,0.5,0.4666666666666667,0.0002600182012740892,0.08012319711538461,0.26176247049583135
928,0x7ffff7fd49d0,BRANCH,64.0,39.0,0.0,,2.0,1.0,0.25,0.4666666666666667,0.00038002660186213033,0.0,0.1792616733171322
929,0x7ffff7fcf0f7,STORE,64.0,28.0,58.29,L1,0.0,4.0,1.0,0.4666666666666667,0.0002700189013230926,0.08757512019230769,0.3886279514400744
933,0x7ffff7fce802,ARITH,64.0,28.0,56.0,,0.0,3.0,0.75,0.4666666666666667,0.0002700189013230926,0.08413461538461538,0.32526782523815134
937,0x7ffff7fce43c,STORE,64.0,29.0,57.38,L1,0.0,4.0,1.0,0.4666666666666667,0.000280019601372096,0.08620793269230768,0.38828865474008667
938,0x7ffff7fce72a,LOAD,64.0,29.0,54.07,L2,0.0,4.0,1.0,0.4666666666666667,0.000280019601372096,0.08123497596153846,0.38704541555739436
939,0x7ffff7fce377,STORE,64.0,24.0,0.0,,1.0,4.0,1.0,0.4666666666666667,0.00023001610112707887,0.0,0.36672417069194846
943,0x7ffff7fce4eb,OTHER,64.0,56.0,53.71,,0.0,0.0,0.0,0.4666666666666667,0.0005500385026951887,0.08069411057692306,0.13697770393657124
944,0x7ffff7fce7cd,LOAD,64.0,30.0,58.67,L1,0.0,4.0,1.0,0.4666666666666667,0.00029002030142109944,0.08814603365384614,0.3887756801554835
945,0x7ffff7fce6c6,LOGIC,32.0,30.0,56.53,,0.0,2.0,0.5,0.2,0.00029002030142109944,0.08493088942307692,0.1963052274311245
946,0x7ffff7fd455c,LOAD,64.0,42.0,59.43,L1,0.0,4.0,1.0,0.4666666666666667,0.0004100287020091406,0.08928786057692308,0.3890911389863998
949,0x7ffff7fce3f0,STORE,64.0,31.0,60.9,L2,0.0,4.0,1.0,0.4666666666666667,0.0003000210014701029,0.09149639423076922,0.3896157704747265
951,0x7ffff7fce2e9,LOAD,32.0,26.0,56.62,L1,0.0,4.0,1.0,0.2,0.00025001750122508574,0.08506610576923075,0.32132903081761394
952,0x7ffff7fcf250,ARITH,32.0,31.0,51.61,,0.0,3.0,0.75,0.2,0.0003000210014701029,0.07753906249999999,0.25695977087536753
955,0x7ffff7fcf1a1,LOGIC,64.0,32.0,54.0,,0.0,2.0,0.5,0.4666666666666667,0.0003100217015191063,0.08112980769230768,0.26202662401512333
956,0x7ffff7fce523,BRANCH,64.0,61.0,54.03,,2.0,1.0,0.25,0.4666666666666667,0.0006000420029402059,0.08117487980769231,0.1996103971193248
958,0x7ffff7fea233,BRANCH,64.0,72.0,49.78,,2.0,1.0,0.25,0.4666666666666667,0.0007100497034792435,0.07478966346153845,0.1980415949579211
959,0x7ffff7fcefd9,LOAD,64.0,32.0,61.0,L2,0.0,4.0,1.0,0.4666666666666667,0.0003100217015191063,0.09164663461538461,0.3896558307458926
960,0x7ffff7fd452b,LOAD,64.0,44.0,115.64,LLC,0.0,4.0,1.0,0.4666666666666667,0.00043003010210714747,0.17373798076923075,0.4102086693845012
964,0x7ffff7fce435,OTHER,64.0,33.0,54.3,,0.0,0.0,0.0,0.4666666666666667,0.00032002240156810976,0.08158052884615384,0.13714180447859714
965,0x7ffff7fce725,LOGIC,32.0,34.0,55.53,,0.0,2.0,0.5,0.2,0.0003300231016171132,0.08342848557692308,0.19593962716963503
966,0x7ffff7fea230,ARITH,32.0,74.0,55.78,,0.0,3.0,0.75,0.2,0.0007300511035772504,0.08380408653846154,0.2586335344105097
967,0x7ffff7fcf280,STORE,64.0,33.0,58.18,L1,0.0,4.0,1.0,0.4666666666666667,0.00032002240156810976,0.08740985576923076,0.38859913620936637
968,0x7ffff7fd449f,LOAD,32.0,29.0,98.21,LLC,0.0,4.0,1.0,0.2,0.000280019601372096,0.1475510817307692,0.33695777533303534
972,0x7ffff7fce7aa,LOAD,64.0,34.0,71.53,LLC,0.0,4.0,1.0,0.4666666666666667,0.0003300231016171132,0.10746694711538461,0.3936159092209171
978,0x7ffff7fce4db,LOAD,32.0,68.0,59.29,L2,0.0,4.0,1.0,0.2,0.0006700469032832299,0.08907752403846153,0.3224368927354362
986,0x7ffff7fea238,BRANCH,64.0,71.0,45.07,,2.0,1.0,0.25,0.4666666666666667,0.0007000490034302401,0.06771334134615384,0.19627001425406268
987,0x7ffff7fcf28e,LOAD,64.0,36.0,69.33,L2,0.0,4.0,1.0,0.4666666666666667,0.00035002450171512,0.10416165865384615,0.392794587455557
988,0x7ffff7fd44a9,LOAD,64.0,32.0,77.0,L1,0.0,4.0,1.0,0.4666666666666667,0.0003100217015191063,0.11568509615384615,0.395665446130508
990,0x7ffff7fcf16b,LOAD,64.0,37.0,76.97,LLC,0.0,4.0,1.0,0.4666666666666667,0.00036002520176412346,0.11564002403846152,0.39566667897672314
993,0x7ffff7fce6f9,ARITH,32.0,36.0,54.22,,0.0,3.0,0.75,0.2,0.00035002450171512,0.08146033653846153,0.2579525902600442
994,0x7ffff7fd43dd,OTHER,64.0,50.0,51.84,,0.0,0.0,0.0,0.4666666666666667,0.0004900343024011681,0.07788461538461539,0.1362603290884208
997,0x7ffff7fce743,STORE,32.0,39.0,60.72,L1,0.0,4.0,1.0,0.2,0.00038002660186213033,0.09122596153846153,0.3229014970350809
998,0x7ffff7fea247,LOAD,128.0,58.0,55.72,L1,0.0,4.0,1.0,1.0,0.0005700399027931955,0.0837139423076923,0.5210709955526214
999,0x7ffff7fcf294,LOAD,64.0,38.0,53.89,L1,0.0,4.0,1.0,0.4666666666666667,0.0003700259018131269,0.08096454326923076,0.38700030895942766
1000,0x7ffff7fd44b7,LOAD,32.0,34.0,59.29,L2,0.0,4.0,1.0,0.2,0.0003300231016171132,0.08907752403846153,0.32235188678501964
1004,0x7ffff7fce2af,LOAD,64.0,39.0,67.28,L2,0.0,4.0,1.0,0.4666666666666667,0.00038002660186213033,0.10108173076923076,0.3920321060094399
1005,0x7ffff7fcf222,OTHER,64.0,39.0,54.15,,0.0,0.0,0.0,0.4666666666666667,0.00038002660186213033,0.08135516826923075,0.1371004653844399
1006,0x7ffff7fd443a,LOGIC,32.0,36.0,48.89,,0.0,2.0,0.5,0.2,0.00035002450171512,0.07345252403846153,0.19345063713504418
1008,0x7ffff7fcf1a4,BRANCH,64.0,40.0,56.8,,2.0,1.0,0.25,0.4666666666666667,0.00039002730191113377,0.08533653846153845,0.20059830810752907
1017,0x7ffff7fce495,STORE,64.0,80.0,60.4,L1,0.0,4.0,1.0,0.4666666666666667,0.000790055303871271,0.09074519230769229,0.3895504785695576
1019,0x7ffff7fce37c,LOGIC,32.0,36.0,56.89,,0.0,2.0,0.5,0.2,0.00035002450171512,0.0854717548076923,0.19645544482735186
1023,0x7ffff7fce3f2,OTHER,64.0,42.0,54.1,,0.0,0.0,0.0,0.4666666666666667,0.0004100287020091406,0.08128004807692307,0.13708918586139973
1034,0x7ffff7fcf0d8,STORE,64.0,44.0,58.18,L1,0.0,4.0,1.0,0.4666666666666667,0.00043003010210714747,0.08740985576923076,0.38862663813450116
1037,0x7ffff7fce24f,OTHER,32.0,44.0,53.09,,0.0,0.0,0.0,0.2,0.00043003010210714747,0.07976262019230769,0.07004816257360372
1038,0x7ffff7fce6f1,ARITH,32.0,42.0,55.62,,0.0,3.0,0.75,0.2,0.0004100287020091406,0.08356370192307691,0.2584934326562715
1039,0x7ffff7fd43d5,LOAD,32.0,58.0,244.41,DRAM,0.0,4.0,1.0,0.2,0.0005700399027931955,0.3672025240384615,0.3919431409853137
1041,0x7ffff7fcf1bb,OTHER,64.0,45.0,56.18,,0.0,0.0,0.0,0.4666666666666667,0.0004400308021561509,0.08440504807692308,0.13787793638643647
1043,0x7ffff7fce26d,BRANCH,64.0,45.0,59.73,,2.0,1.0,0.25,0.4666666666666667,0.0004400308021561509,0.08973858173076922,0.201711319799898
1044,0x7ffff7fce809,LOAD,64.0,45.0,76.8,L2,0.0,4.0,1.0,0.4666666666666667,0.0004400308021561509,0.11538461538461536,0.3956228282133596
1050,0x7ffff7fce308,LOAD,64.0,46.0,61.91,L1,0.0,4.0,1.0,0.4666666666666667,0.00045003150220515435,0.0930138221153846,0.39003263007106415
1051,0x7ffff7fd49c7,LOGIC,32.0,59.0,53.15,,0.0,2.0,0.5,0.2,0.000580040602842199,0.07985276442307691,0.19510820125647976
1052,0x7ffff7fcf0e4,ARITH,64.0,47.0,51.74,,0.0,3.0,0.75,0.4666666666666667,0.0004600322022541578,0.077734375,0.3237152684672302
1053,0x7ffff7fcf158,OTHER,32.0,47.0,53.11,,0.0,0.0,0.0,0.2,0.0004600322022541578,0.07979266826923076,0.07006317511787123
1055,0x7ffff7fce7d1,STORE,64.0,47.0,56.51,L1,0.0,4.0,1.0,0.4666666666666667,0.0004600322022541578,0.08490084134615383,0.3880068850537687
1056,0x7ffff7fce6c9,ARITH,32.0,47.0,56.51,,0.0,3.0,0.75,0.2,0.0004600322022541578,0.08490084134615383,0.25884021838710203
1057,0x7ffff7fd4563,BRANCH,64.0,60.0,0.0,,2.0,1.0,0.25,0.4666666666666667,0.0005900413028912024,0.0,0.17931417699238947
1058,0x7ffff7fcf138,OTHER,32.0,48.0,51.33,,0.0,0.0,0.0,0.2,0.00047003290230316117,0.07711838942307692,0.06939710558134501
1060,0x7ffff7fce408,STORE,64.0,48.0,60.0,L1,0.0,4.0,1.0,0.4666666666666667,0.00047003290230316117,0.09014423076923075,0.3893202325845502
1061,0x7ffff7fce4f4,OTHER,64.0,95.0,52.88,,0.0,0.0,0.0,0.4666666666666667,0.0009400658046063225,0.07944711538461538,0.1367634619639721
1062,0x7ffff7fce293,ARITH,64.0,48.0,52.67,,0.0,3.0,0.75,0.4666666666666667,0.00047003290230316117,0.07913161057692307,0.32406707753647324
1063,0x7ffff7fcf219,LOAD,64.0,48.0,56.0,L2,0.0,4.0,1.0,0.4666666666666667,0.00047003290230316117,0.08413461538461538,0.3878178287383963
1064,0x7ffff7fd442f,BRANCH,64.0,62.0,39.74,,2.0,1.0,0.25,0.4666666666666667,0.0006100427029892093,0.05970552884615384,0.19424555955395245
1067,0x7ffff7fcf20c,STORE,64.0,49.0,0.0,,1.0,4.0,1.0,0.4666666666666667,0.00048003360235216466,0.0,0.36678667506725476
1076,0x7ffff7feb64e,LOAD,64.0,92.0,0.0,,1.0,4.0,1.0,0.4666666666666667,0.0009100637044593122,0.0,0.3668941825927815
1077,0x7ffff7fd4511,LOGIC,64.0,47.0,55.15,,0.0,2.0,0.5,0.4666666666666667,0.0004600322022541578,0.08285757211538461,0.26249606774607637
1078,0x7ffff7fcf0d6,STORE,64.0,51.0,57.1,L1,0.0,4.0,1.0,0.4666666666666667,0.0005000350024501716,0.08578725961538461,0.3882384903211254
1079,0x7ffff7fcf15a,LOAD,64.0,51.0,89.73,L2,0.0,4.0,1.0,0.4666666666666667,0.0005000350024501716,0.1348106971153846,0.4004943496961254
1081,0x7ffff7fce7d2,LOAD,32.0,51.0,58.98,L2,0.0,4.0,1.0,0.2,0.0005000350024501716,0.08861177884615383,0.322277953462151
1082,0x7ffff7fce6cc,LOGIC,32.0,51.0,53.33,,0.0,2.0,0.5,0.2,0.0005000350024501716,0.08012319711538461,0.1951558080294587
1083,0x7ffff7fd43a8,LOAD,64.0,65.0,84.68,L2,0.0,4.0,1.0,0.4666666666666667,0.0006400448031362195,0.1272235576923077,0.3986325672905277
1084,0x7ffff7fcf135,OTHER,64.0,52.0,57.85,,0.0,0.0,0.0,0.4666666666666667,0.000510035702499175,0.0869140625,0.13852269121729147
1086,0x7ffff7fcf1f2,OTHER,64.0,52.0,51.08,,0.0,0.0,0.0,0.4666666666666667,0.000510035702499175,0.07674278846153845,0.13597987270767609
1087,0x7ffff7fce4a5,LOGIC,32.0,103.0,56.54,,0.0,2.0,0.5,0.2,0.00102007140499835,0.08494591346153846,0.1964914962166342
1088,0x7ffff7fce28d,BRANCH,64.0,52.0,53.54,,2.0,1.0,0.25,0.4666666666666667,0.000510035702499175,0.08043870192307691,0.1994038510730607
1089,0x7ffff7fcf217,BRANCH,64.0,52.0,52.31,,2.0,1.0,0.25,0.4666666666666667,0.000510035702499175,0.07859074519230769,0.1989418618903684
1090,0x7ffff7fd43fd,BRANCH,64.0,66.0,51.88,,2.0,1.0,0.25,0.4666666666666667,0.000650045503185223,0.07794471153846154,0.19881535592707836
1092,0x7ffff7fce543,BRANCH,64.0,104.0,0.0,,2.0,1.0,0.25,0.4666666666666667,0.0010300721050473533,0.0,0.1794241846929285
1093,0x7ffff7fce79a,BRANCH,64.0,113.0,30.58,,2.0,1.0,0.25,0.4666666666666667,0.0011200784054883842,0.04594350961538461,0.1909325636718849
1094,0x7ffff7fce2ff,OTHER,64.0,53.0,56.15,,0.0,0.0,0.0,0.4666666666666667,0.0005200364025481784,0.08435997596153845,0.13788666975768832
1095,0x7ffff7fd4b00,LOAD,32.0,50.0,66.56,L2,0.0,4.0,1.0,0.2,0.0004900343024011681,0.09999999999999999,0.3251225085756003
1100,0x7ffff7fea24c,LOGIC,128.0,74.0,56.22,,0.0,2.0,0.5,1.0,0.0007300511035772504,0.08446514423076922,0.3962987988335866
1101,0x7ffff7fcf296,LOAD,64.0,54.0,68.15,L1,0.0,4.0,1.0,0.4666666666666667,0.0005300371025971819,0.10238882211538461,0.3923963814711621
1102,0x7ffff7fd44bf,BRANCH,64.0,50.0,0.0,,2.0,1.0,0.25,0.4666666666666667,0.0004900343024011681,0.0,0.17928917524226695
1106,0x7ffff7fce260,LOAD,64.0,55.0,56.44,L1,0.0,4.0,1.0,0.4666666666666667,0.0005400378026461852,0.08479567307692307,0.388000594386559
1107,0x7ffff7fce70d,OTHER,32.0,55.0,52.95,,0.0,0.0,0.0,0.2,0.0005400378026461852,0.07955228365384615,0.07002308036412308
1108,0x7ffff7fd43f5,OTHER,64.0,69.0,55.65,,0.0,0.0,0.0,0.4666666666666667,0.0006800476033322333,0.08360877403846152,0.1377388720771151
1111,0x7ffff7fce4d7,LOAD,32.0,110.0,56.15,L1,0.0,4.0,1.0,0.2,0.0010900763053413739,0.08435997596153845,0.32136251306672
1112,0x7ffff7fce784,LOGIC,32.0,73.0,53.92,,0.0,2.0,0.5,0.2,0.000720050403528247,0.08100961538461537,0.1954324164470359
1113,0x7ffff7fce296,BRANCH,64.0,56.0,9.14,,2.0,1.0,0.25,0.4666666666666667,0.0005500385026951887,0.013731971153846154,0.182737169080802
1114,0x7ffff7fcf21d,LOAD,64.0,56.0,56.57,L2,0.0,4.0,1.0,0.4666666666666667,0.0005500385026951887,0.08499098557692307,0.38805192268657124
1115,0x7ffff7fd4435,LOAD,32.0,54.0,53.93,L1,0.0,4.0,1.0,0.2,0.0005300371025971819,0.08102463942307692,0.3203886691314185
1119,0x7ffff7fce794,LOGIC,64.0,140.0,54.86,,0.0,2.0,0.5,0.4666666666666667,0.001390097306811477,0.08242187499999999,0.26261965974336954
1120,0x7ffff7fce2e2,OTHER,64.0,52.0,54.15,,0.0,0.0,0.0,0.4666666666666667,0.000510035702499175,0.08135516826923075,0.13713296765959915
1121,0x7ffff7fcf245,LOAD,32.0,57.0,73.54,L2,0.0,4.0,1.0,0.2,0.0005600392027441921,0.11048677884615385,0.3277617045122245
1125,0x7ffff7fce4d2,LOAD,64.0,114.0,56.14,L2,0.0,4.0,1.0,0.4666666666666667,0.0011300791055373876,0.08434495192307692,0.3880354244238203
1126,0x7ffff7fce7c0,OTHER,64.0,58.0,53.52,,0.0,0.0,0.0,0.4666666666666667,0.0005700399027931955,0.08040865384615384,0.13691134010390343
1127,0x7ffff7fceff6,BRANCH,64.0,58.0,0.0,,1.0,1.0,0.25,0.4666666666666667,0.0005700399027931955,0.0,0.17930917664236495
1128,0x7ffff7fd4548,STORE,64.0,55.0,96.58,LLC,0.0,4.0,1.0,0.4666666666666667,0.0005400378026461852,0.14510216346153845,0.4030772169827128
1129,0x7ffff7fcf121,LOGIC,32.0,59.0,55.32,,0.0,2.0,0.5,0.2,0.000580040602842199,0.08311298076923077,0.19592325534301824
1131,0x7ffff7fce415,STORE,64.0,59.0,60.75,L1,0.0,4.0,1.0,0.4666666666666667,0.000580040602842199,0.09127103365384615,0.3896294352308388
1132,0x7ffff7fce4fa,OTHER,32.0,117.0,54.43,,0.0,0.0,0.0,0.2,0.001160081205684398,0.08177584134615384,0.07073398063795956
1133,0x7ffff7fce374,LOAD,64.0,54.0,56.89,L1,0.0,4.0,1.0,0.4666666666666667,0.0005300371025971819,0.0854717548076923,0.38816711464423903
1135,0x7ffff7fd4478,ARITH,64.0,52.0,56.62,,0.0,3.0,0.75,0.4666666666666667,0.000510035702499175,0.08506610576923075,0.3255607020345992
1137,0x7ffff7fce467,STORE,64.0,60.0,59.73,L1,0.0,4.0,1.0,0.4666666666666667,0.0005900413028912024,0.08973858173076922,0.3892488224250818
1139,0x7ffff7fea258,FP,128.0,80.0,56.0,,0.0,0.0,0.0,1.0,0.000790055303871271,0.08413461538461538,0.2712311676721217
1140,0x7ffff7fd44ec,LOAD,64.0,55.0,54.69,L1,0.0,4.0,1.0,0.4666666666666667,0.0005400378026461852,0.08216646634615384,0.3873432927038667
1144,0x7ffff7fcf203,STORE,64.0,61.0,59.28,L1,0.0,4.0,1.0,0.4666666666666667,0.0006000420029402059,0.08906249999999999,0.38908230216740175
1146,0x7ffff7fce27e,OTHER,32.0,61.0,56.66,,0.0,0.0,0.0,0.2,0.0006000420029402059,0.0851262019230769,0.07143156098150427
1147,0x7ffff7fce80f,LOAD,64.0,61.0,52.98,L1,0.0,4.0,1.0,0.4666666666666667,0.0006000420029402059,0.07959735576923076,0.3867160161097094
1148,0x7ffff7fd4415,BRANCH,64.0,76.0,56.0,,2.0,1.0,0.25,0.4666666666666667,0.0007500525036752573,0.08413461538461538,0.20038783363873933
1150,0x7ffff7fcf1ea,OTHER,64.0,62.0,59.35,,0.0,0.0,0.0,0.4666666666666667,0.0006100427029892093,0.08916766826923077,0.13911109440972166
1151,0x7ffff7fce491,LOAD,64.0,123.0,76.75,L1,0.0,4.0,1.0,0.4666666666666667,0.0012200854059784185,0.11530949519230768,0.39579906181623825
1152,0x7ffff7fce4f1,OTHER,64.0,124.0,54.45,,0.0,0.0,0.0,0.4666666666666667,0.001230086106027422,0.08180588942307691,0.13742566054894276
1153,0x7ffff7fea2a7,ARITH,64.0,23.0,51.48,,0.0,3.0,0.75,0.4666666666666667,0.00022001540107807546,0.07734374999999999,0.3235576080169362
1154,0x7ffff7fce306,LOAD,64.0,62.0,56.26,L1,0.0,4.0,1.0,0.4666666666666667,0.0006100427029892093,0.08452524038461537,0.3879504874385678
1155,0x7ffff7fd49c4,LOAD,64.0,76.0,90.95,DRAM,0.0,4.0,1.0,0.4666666666666667,0.0007500525036752573,0.1366436298076923,0.4010150872445086
1156,0x7ffff7fcf0df,STORE,64.0,63.0,59.43,L1,0.0,4.0,1.0,0.4666666666666667,0.0006200434030382127,0.08928786057692308,0.389143642661657
1158,0x7ffff7fce486,STORE,32.0,125.0,63.23,LLC,0.0,4.0,1.0,0.2,0.0012400868060764253,0.09499699519230768,0.32405927049959604
1159,0x7ffff7fced70,OTHER,64.0,3.0,42.67,,0.0,0.0,0.0,0.4666666666666667,2.0001400098006856e-05,0.0641075721153846,0.13269856004553732
1160,0x7ffff7fce24a,STORE,64.0,63.0,61.97,L1,0.0,4.0,1.0,0.4666666666666667,0.0006200434030382127,0.09310396634615384,0.3900976691039647
1161,0x7ffff7fce2bf,BRANCH,64.0,63.0,51.3,,2.0,1.0,0.25,0.4666666666666667,0.0006200434030382127,0.07707331730769229,0.1985900068443493
1162,0x7ffff7fcf231,BRANCH,64.0,63.0,53.33,,2.0,1.0,0.25,0.4666666666666667,0.0006200434030382127,0.08012319711538461,0.19935247679627238
1163,0x7ffff7fd4449,LOGIC,32.0,62.0,54.19,,0.0,2.0,0.5,0.2,0.0006100427029892093,0.08141526442307691,0.19550632678151653
1165,0x7ffff7fce432,LOAD,64.0,64.0,59.0,L1,0.0,4.0,1.0,0.4666666666666667,0.0006300441030872161,0.08864182692307691,0.38898463442320774
1166,0x7ffff7fce722,OTHER,64.0,67.0,53.49,,0.0,0.0,0.0,0.4666666666666667,0.0006600462032342264,0.08036358173076923,0.13692257365016752
1167,0x7ffff7fce2ed,BRANCH,64.0,59.0,0.0,,2.0,1.0,0.25,0.4666666666666667,0.000580040602842199,0.0,0.17931167681737722
1168,0x7ffff7fcf252,BRANCH,64.0,64.0,57.5,,2.0,1.0,0.25,0.4666666666666667,0.0006300441030872161,0.08638822115384615,0.2009212329809
1169,0x7ffff7fd446b,LOAD,64.0,63.0,78.22,LLC,0.0,4.0,1.0,0.4666666666666667,0.0006200434030382127,0.11751802884615384,0.3962011847289647
1171,0x7ffff7fce525,LOGIC,32.0,130.0,53.91,,0.0,2.0,0.5,0.2,0.0012900903063214424,0.08099459134615383,0.1955711704131188
1172,0x7ffff7fce77c,BRANCH,64.0,68.0,0.0,,1.0,1.0,0.25,0.4666666666666667,0.0006700469032832299,0.0,0.17933417839248747
1173,0x7ffff7fea250,FP,128.0,85.0,57.22,,0.0,0.0,0.0,1.0,0.0008400588041162882,0.08596754807692307,0.2717019017202598
1174,0x7ffff7fcf298,LOAD,64.0,65.0,0.0,,1.0,4.0,1.0,0.4666666666666667,0.0006400448031362195,0.0,0.36682667786745077
1175,0x7ffff7fd44c4,STORE,64.0,61.0,67.67,LLC,0.0,4.0,1.0,0.4666666666666667,0.0006000420029402059,0.10166766826923077,0.39223359423470944
1178,0x7ffff7fce7ae,OTHER,64.0,66.0,58.18,,0.0,0.0,0.0,0.4666666666666667,0.000650045503185223,0.08740985576923076,0.13868164198477065
1179,0x7ffff7fcefde,OTHER,64.0,66.0,56.24,,0.0,0.0,0.0,0.4666666666666667,0.000650045503185223,0.0844951923076923,0.13795297611938603
1180,0x7ffff7fd452f,ARITH,64.0,80.0,56.8,,0.0,3.0,0.75,0.4666666666666667,0.000790055303871271,0.08533653846153845,0.32569831510801917
1181,0x7ffff7fcf10e,STORE,32.0,67.0,61.13,L1,0.0,4.0,1.0,0.2,0.0006600462032342264,0.09184194711538461,0.3231254983296547
1183,0x7ffff7fcf1f1,STORE,64.0,67.0,60.18,L1,0.0,4.0,1.0,0.4666666666666667,0.0006600462032342264,0.09041466346153845,0.38943534408285985
1184,0x7ffff7fce4a1,LOAD,64.0,135.0,120.18,L2,0.0,4.0,1.0,0.4666666666666667,0.0013400938065664596,0.18055889423076923,0.4121414136760006
1185,0x7ffff7fce7c8,STORE,64.0,67.0,62.09,L1,0.0,4.0,1.0,0.4666666666666667,0.0006600462032342264,0.0932842548076923,0.3901527419193983
1188,0x7ffff7fcf128,LOAD,32.0,68.0,478.59,LLC,0.0,4.0,1.0,0.2,0.0006700469032832299,0.7190354567307692,0.47992637590851306
1189,0x7ffff7fcf19b,BRANCH,64.0,68.0,52.24,,2.0,1.0,0.25,0.4666666666666667,0.0006700469032832299,0.07848557692307692,0.1989555726232567
1190,0x7ffff7fce520,ARITH,64.0,137.0,55.36,,0.0,3.0,0.75,0.4666666666666667,0.0013600952066644665,0.08317307692307692,0.325299959699102
1191,0x7ffff7fce7cc,STORE,64.0,68.0,59.76,L1,0.0,4.0,1.0,0.4666666666666667,0.0006700469032832299,0.08978365384615383,0.38928009185402596
1192,0x7ffff7fce6c4,OTHER,32.0,68.0,53.18,,0.0,0.0,0.0,0.2,0.0006700469032832299,0.07989783653846153,0.07014197086043619
1194,0x7ffff7fcf12f,BRANCH,64.0,69.0,56.12,,2.0,1.0,0.25,0.4666666666666667,0.0006800476033322333,0.08431490384615384,0.20041540452903817
1196,0x7ffff7fce53c,LOAD,32.0,138.0,64.46,L2,0.0,4.0,1.0,0.2,0.00137009590671347,0.0968449519230769,0.3245537619574476
1198,0x7ffff7fea23e,LOAD,128.0,89.0,104.63,L2,0.0,4.0,1.0,1.0,0.0008800616043123019,0.1571965144230769,0.5395191440068473
1199,0x7ffff7fcf290,LOAD,64.0,69.0,57.51,L1,0.0,4.0,1.0,0.4666666666666667,0.0006800476033322333,0.08640324519230769,0.3884374898655767
1200,0x7ffff7fd44b1,LOAD,64.0,65.0,80.25,L2,0.0,4.0,1.0,0.4666666666666667,0.0006400448031362195,0.12056790865384615,0.3969686550309123
1202,0x7ffff7fcf154,LOGIC,32.0,1004.0,80.7,,0.0,2.0,0.5,0.2,0.010030702149150441,0.12124399038461538,0.20781867313344146
1203,0x7ffff7fce441,LOAD,64.0,70.0,54.86,L1,0.0,4.0,1.0,0.4666666666666667,0.0006900483033812368,0.08242187499999999,0.387444647492512
1204,0x7ffff7fce731,LOAD,32.0,73.0,173.59,L2,0.0,4.0,1.0,0.2,0.000720050403528247,0.2608022836538461,0.3653805835143436
1205,0x7ffff7fce2da,LOAD,64.0,65.0,54.65,L2,0.0,4.0,1.0,0.4666666666666667,0.0006400448031362195,0.08210637019230768,0.3873532704155277
1206,0x7ffff7fcf243,LOGIC,32.0,70.0,53.94,,0.0,2.0,0.5,0.2,0.0006900483033812368,0.08103966346153844,0.19543242794122992
1207,0x7ffff7fd445e,OTHER,32.0,69.0,55.19,,0.0,0.0,0.0,0.2,0.0006800476033322333,0.08291766826923076,0.07089942896814075
1209,0x7ffff7fce4c9,LOGIC,64.0,142.0,54.99,,0.0,2.0,0.5,0.4666666666666667,0.0014100987069094837,0.0826171875,0.26267348821839404
1210,0x7ffff7fce797,OTHER,64.0,187.0,56.13,,0.0,0.0,0.0,0.4666666666666667,0.001860130209114638,0.08432992788461538,0.13821418119009918
1211,0x7ffff7fce7e9,ARITH,64.0,71.0,53.63,,0.0,3.0,0.75,0.4666666666666667,0.0007000490034302401,0.08057391826923077,0.32448515848483195
1212,0x7ffff7fd49ce,ARITH,32.0,85.0,56.85,,0.0,3.0,0.75,0.2,0.0008400588041162882,0.08541165865384615,0.2590629293644906
1213,0x7ffff7fcf0f2,STORE,64.0,72.0,61.78,L1,0.0,4.0,1.0,0.4666666666666667,0.0007100497034792435,0.09281850961538461,0.3900488064963827
1214,0x7ffff7fcf207,LOAD,64.0,72.0,58.22,L1,0.0,4.0,1.0,0.4666666666666667,0.0007100497034792435,0.08746995192307691,0.38871166707330573
1215,0x7ffff7fce4be,STORE,64.0,145.0,62.68,L1,0.0,4.0,1.0,0.4666666666666667,0.001440100807056494,0.09417067307692306,0.39056936013766164
1216,0x7ffff7fce284,LOGIC,32.0,72.0,54.22,,0.0,2.0,0.5,0.2,0.0007100497034792435,0.08146033653846153,0.19554259656048517
1217,0x7ffff7fce813,LOAD,64.0,72.0,0.0,,1.0,4.0,1.0,0.4666666666666667,0.0007100497034792435,0.0,0.3668441790925365
1218,0x7ffff7fd4558,ARITH,64.0,87.0,56.28,,0.0,3.0,0.75,0.4666666666666667,0.000860060204214295,0.08455528846153845,0.3255205038331049
1219,0x7ffff7fd3fe4,LOGIC,32.0,1.0,0.0,,0.0,2.0,0.5,0.2,0.0,0.0,0.175
1221,0x7ffff7fd4029,LOAD,64.0,13.0,174.77,DRAM,0.0,4.0,1.0,0.4666666666666667,0.00012000840058804117,0.26257512019230766,0.43234044881489064
1225,0x7ffff7fd403b,OTHER,32.0,53.0,53.74,,0.0,0.0,0.0,0.2,0.0005200364025481784,0.08073918269230769,0.07031480477371398
1226,0x7fffe43aa33b,LOGIC,32.0,1.0,0.0,,0.0,2.0,0.5,0.2,0.0,0.0,0.175
1227,0x7fffe43c75ad,LOAD,64.0,1.0,0.0,,1.0,4.0,1.0,0.4666666666666667,0.0,0.0,0.3666666666666667
1228,0x7ffff7fd40a0,BRANCH,64.0,9.0,0.0,,2.0,1.0,0.25,0.4666666666666667,8.000560039202744e-05,0.0,0.17918666806676467
1229,0x7ffff7fd4086,LOAD,64.0,13.0,61.54,L2,0.0,4.0,1.0,0.4666666666666667,0.00012000840058804117,0.09245793269230768,0.38981115193989063
1230,0x7fffe43ababd,LOAD,64.0,1.0,0.0,,1.0,4.0,1.0,0.4666666666666667,0.0,0.0,0.3666666666666667
1231,0x7fffe43ab49c,LOGIC,32.0,1.0,0.0,,0.0,2.0,0.5,0.2,0.0,0.0,0.175
1232,0x7fffe43ad04b,LOGIC,32.0,1.0,0.0,,0.0,2.0,0.5,0.2,0.0,0.0,0.175
1233,0x7fffe43aa6a4,LOAD,64.0,1.0,0.0,,0.0,4.0,1.0,0.4666666666666667,0.0,0.0,0.3666666666666667
1234,0x7fffe43ab9a0,LOGIC,32.0,1.0,0.0,,0.0,2.0,0.5,0.2,0.0,0.0,0.175
1235,0x7fffe43ab433,LOGIC,32.0,1.0,0.0,,0.0,2.0,0.5,0.2,0.0,0.0,0.175
1236,0x7ffff7fd408d,LOAD,64.0,38.0,113.68,L2,0.0,4.0,1.0,0.4666666666666667,0.0003700259018131269,0.17079326923076923,0.4094574904498123
1237,0x7ffff7fd4dc1,ARITH,64.0,1.0,0.0,,0.0,3.0,0.75,0.4666666666666667,0.0,0.0,0.3041666666666667
1238,0x7ffff7fd3d9c,OTHER,32.0,2.0,32.0,,0.0,0.0,0.0,0.2,1.000070004900343e-05,0.04807692307692307,0.06202173094424302
1239,0x7ffff7fd430f,BRANCH,64.0,2.0,32.0,,2.0,1.0,0.25,0.4666666666666667,1.000070004900343e-05,0.04807692307692307,0.19118839761090967
1240,0x7ffff7fd4466,OTHER,64.0,71.0,57.24,,0.0,0.0,0.0,0.4666666666666667,0.0007000490034302401,0.08599759615384615,0.13834107795598577
1246,0x7ffff7fce6d2,BRANCH,64.0,73.0,53.04,,2.0,1.0,0.25,0.4666666666666667,0.000720050403528247,0.0796875,0.19926855426754875
1247,0x7ffff7fd43b3,LOAD,64.0,89.0,53.93,L1,0.0,4.0,1.0,0.4666666666666667,0.0008800616043123019,0.08102463942307692,0.387142841923514
1251,0x7ffff7fce4b6,LOAD,64.0,148.0,55.57,L2,0.0,4.0,1.0,0.4666666666666667,0.0014701029072035042,0.08348858173076923,0.3879063378261599
1253,0x7ffff7fd4407,ARITH,64.0,89.0,54.29,,0.0,3.0,0.75,0.4666666666666667,0.0008800616043123019,0.0815655048076923,0.3247780582696678
1255,0x7ffff7fcf17a,BRANCH,64.0,75.0,55.47,,2.0,1.0,0.25,0.4666666666666667,0.0007400518036262539,0.08333834134615384,0.20018626495411168
1256,0x7ffff7fce50f,ARITH,64.0,78.0,54.97,,0.0,3.0,0.75,0.4666666666666667,0.0007700539037732642,0.08258713942307691,0.3250059649983792
1258,0x7ffff7fd4461,ARITH,32.0,74.0,55.78,,0.0,3.0,0.75,0.2,0.0007300511035772504,0.08380408653846154,0.2586335344105097
1261,0x7ffff7fce3fd,ARITH,64.0,76.0,54.74,,0.0,3.0,0.75,0.4666666666666667,0.0007500525036752573,0.08224158653846153,0.3249145764272009
1262,0x7ffff7fce4ee,OTHER,64.0,155.0,55.33,,0.0,0.0,0.0,0.4666666666666667,0.0015401078075465283,0.0831280048076923,0.1378336948204764
1263,0x7ffff7fd44f8,OTHER,64.0,71.0,55.44,,0.0,0.0,0.0,0.4666666666666667,0.0007000490034302401,0.08329326923076923,0.13766499622521652
1264,0x7ffff7fcf0da,STORE,64.0,77.0,59.43,L1,0.0,4.0,1.0,0.4666666666666667,0.0007600532037242607,0.08928786057692308,0.38917864511182854
1266,0x7ffff7fce457,STORE,32.0,77.0,59.01,L1,0.0,4.0,1.0,0.2,0.0007600532037242607,0.08865685096153846,0.32235422604131564
1268,0x7ffff7fce791,OTHER,64.0,193.0,54.88,,0.0,0.0,0.0,0.4666666666666667,0.0019201344094086587,0.08245192307692308,0.1377596810382496
1269,0x7ffff7feaeca,BRANCH,64.0,1.0,0.0,,2.0,1.0,0.25,0.4666666666666667,0.0,0.0,0.17916666666666667
1270,0x7ffff7feb040,ARITH,64.0,2.0,32.0,,0.0,3.0,0.75,0.4666666666666667,1.000070004900343e-05,0.04807692307692307,0.3161883976109097
1271,0x7ffff7fcf260,LOAD,32.0,74.0,85.19,L2,0.0,4.0,1.0,0.2,0.0007300511035772504,0.12798978365384614,0.33217995868935585
1272,0x7ffff7fd447c,BRANCH,64.0,69.0,0.93,,2.0,1.0,0.25,0.4666666666666667,0.0006800476033322333,0.001397235576923077,0.17968598746173048
1275,0x7ffff7fce240,STORE,64.0,76.0,63.58,L2,0.0,4.0,1.0,0.4666666666666667,0.0007500525036752573,0.09552283653846153,0.3907348889272009
1276,0x7ffff7fea2b9,BRANCH,64.0,29.0,0.0,,1.0,1.0,0.25,0.4666666666666667,0.000280019601372096,0.0,0.1792366715670097
1277,0x7ffff7fcf215,LOGIC,32.0,78.0,55.38,,0.0,2.0,0.5,0.2,0.0007700539037732642,0.083203125,0.19599329472594332
1278,0x7ffff7fd42e4,OTHER,64.0,3.0,32.0,,0.0,0.0,0.0,0.4666666666666667,2.0001400098006856e-05,0.04807692307692307,0.12869089778592194
1279,0x7ffff7fd7507,STORE,8.0,1.0,0.0,,0.0,4.0,1.0,0.0,0.0,0.0,0.25
1280,0x7ffff7fee1e1,ARITH,64.0,6.0,53.33,,0.0,3.0,0.75,0.4666666666666667,5.0003500245017145e-05,0.08012319711538461,0.3242099668205741
1281,0x7ffff7fc8230,ARITH,64.0,7.0,54.86,,0.0,3.0,0.75,0.4666666666666667,6.000420029402058e-05,0.08242187499999999,0.32478713646674023
1282,0x7ffff7fc832b,STORE,64.0,1.0,0.0,,0.0,4.0,1.0,0.4666666666666667,0.0,0.0,0.3666666666666667
1283,0x7ffff7fc8239,LOAD,32.0,14.0,187.43,LLC,0.0,4.0,1.0,0.2,0.0001300091006370446,0.28159555288461535,0.37043139049631313
1284,0x7ffff7fc8241,LOAD,64.0,3.0,74.67,L2,0.0,4.0,1.0,0.4666666666666667,2.0001400098006856e-05,0.11218449519230768,0.3947177908147681
1285,0x7ffff7fc8991,OTHER,64.0,1.0,0.0,,0.0,0.0,0.0,0.4666666666666667,0.0,0.0,0.11666666666666667
1286,0x7ffff7fe15ca,STORE,64.0,1.0,0.0,,0.0,4.0,1.0,0.4666666666666667,0.0,0.0,0.3666666666666667
1287,0x7ffff7fcf0eb,LOAD,32.0,79.0,54.68,L1,0.0,4.0,1.0,0.2,0.0007800546038222675,0.0821514423076923,0.32073287422787866
1288,0x7ffff7fcf204,OTHER,64.0,79.0,53.87,,0.0,0.0,0.0,0.4666666666666667,0.0007800546038222675,0.08093449519230768,0.13709530411569915
1289,0x7ffff7fce4ba,LOAD,64.0,162.0,61.43,L1,0.0,4.0,1.0,0.4666666666666667,0.0016101127078895522,0.09229266826923076,0.39014236191094676
1290,0x7ffff7fce29a,OTHER,64.0,15.0,53.33,,0.0,0.0,0.0,0.4666666666666667,0.000140009800686048,0.08012319711538461,0.13673246839568434
1291,0x7ffff7fce303,LOAD,64.0,76.0,56.84,L1,0.0,4.0,1.0,0.4666666666666667,0.0007500525036752573,0.08539663461538462,0.3882033384464317
1292,0x7ffff7fe1550,BRANCH,64.0,1.0,0.0,,2.0,1.0,0.25,0.4666666666666667,0.0,0.0,0.17916666666666667
1293,0x7ffff7fcf198,LOAD,64.0,80.0,133.6,DRAM,0.0,4.0,1.0,0.4666666666666667,0.000790055303871271,0.20072115384615383,0.41704446895417296
1294,0x7ffff7fce51c,LOAD,64.0,164.0,81.17,L1,0.0,4.0,1.0,0.4666666666666667,0.0016301141079875592,0.12195012019230768,0.3975617252417405
1295,0x7ffff7fce273,LOGIC,32.0,77.0,56.52,,0.0,2.0,0.5,0.2,0.0007600532037242607,0.08491586538461539,0.1964189796470849
1296,0x7ffff7fce2e6,LOAD,32.0,72.0,89.78,L2,0.0,4.0,1.0,0.2,0.0007100497034792435,0.1348858173076923,0.3338989667527929
1297,0x7ffff7fcf25d,OTHER,64.0,77.0,54.03,,0.0,0.0,0.0,0.4666666666666667,0.0007600532037242607,0.08117487980769231,0.1371503999195208
1299,0x7ffff7fce451,OTHER,32.0,81.0,54.91,,0.0,0.0,0.0,0.2,0.0008000560039202744,0.08249699519230767,0.07082426279905699
1300,0x7ffff7fce73c,LOAD,64.0,82.0,53.07,L1,0.0,4.0,1.0,0.4666666666666667,0.0008100567039692779,0.0797325721153846,0.38680232387150515
1301,0x7ffff7fea25c,FP,128.0,97.0,56.41,,0.0,0.0,0.0,1.0,0.0009600672047043293,0.08475060096153846,0.2714276670415607
1302,0x7ffff7fce80b,LOAD,64.0,81.0,50.57,L1,0.0,4.0,1.0,0.4666666666666667,0.0008000560039202744,0.0759765625,0.38586082129264676
1304,0x7ffff7fcf1fc,LOAD,32.0,82.0,53.85,L1,0.0,4.0,1.0,0.2,0.0008100567039692779,0.08090444711538461,0.32042862595483845
1305,0x7ffff7fce4ae,BRANCH,64.0,168.0,1.71,,2.0,1.0,0.25,0.4666666666666667,0.0016701169081835728,0.0025691105769230765,0.18022647353794333
1306,0x7ffff7fea228,LOGIC,64.0,129.0,55.81,,0.0,2.0,0.5,0.4666666666666667,0.001280089606272439,0.08384915865384615,0.2629489787316963
1307,0x7ffff7fce6e9,ARITH,32.0,79.0,56.3,,0.0,3.0,0.75,0.2,0.0007800546038222675,0.08458533653846152,0.25884134778557094
1308,0x7ffff7fe180b,OTHER,64.0,1.0,0.0,,0.0,0.0,0.0,0.4666666666666667,0.0,0.0,0.11666666666666667
1309,0x7ffff7feb170,ARITH,64.0,1.0,0.0,,0.0,3.0,0.75,0.4666666666666667,0.0,0.0,0.3041666666666667
1310,0x7ffff7fd00bf,STORE,64.0,2.0,32.0,L1,0.0,4.0,1.0,0.4666666666666667,1.000070004900343e-05,0.04807692307692307,0.3786883976109097
1311,0x7ffff7feb4f5,FP,128.0,14.0,43.43,,0.0,0.0,0.0,1.0,0.0001300091006370446,0.06524939903846154,0.26634485203477465
1312,0x7ffff7fe1872,LOAD,64.0,1.0,0.0,,0.0,4.0,1.0,0.4666666666666667,0.0,0.0,0.3666666666666667
1313,0x7ffff7fd3f81,ARITH,64.0,2.0,32.0,,0.0,3.0,0.75,0.4666666666666667,1.000070004900343e-05,0.04807692307692307,0.3161883976109097
1314,0x7ffff7fd449a,LOGIC,64.0,74.0,54.49,,0.0,2.0,0.5,0.4666666666666667,0.0007300511035772504,0.08186598557692307,0.2623156758367918
1315,0x7ffff7fcf14b,ARITH,64.0,1154.0,54.16,,0.0,3.0,0.75,0.4666666666666667,0.011530807156500955,0.0813701923076923,0.32739191653271504
1316,0x7ffff7fce40d,LOAD,64.0,83.0,55.52,L1,0.0,4.0,1.0,0.4666666666666667,0.0008200574040182813,0.08341346153846153,0.38772504640228667
1317,0x7ffff7fce4f7,OTHER,64.0,170.0,56.09,,0.0,0.0,0.0,0.4666666666666667,0.0016901183082815797,0.08426983173076923,0.13815665417642936
1318,0x7ffff7fce75d,OTHER,64.0,85.0,54.21,,0.0,0.0,0.0,0.4666666666666667,0.0008400588041162882,0.08144531249999999,0.13723800949269574
1319,0x7ffff7fea2e1,BRANCH,64.0,3.0,21.33,,2.0,1.0,0.25,0.4666666666666667,2.0001400098006856e-05,0.03204627403846153,0.18718323552630656
1320,0x7ffff7fcf26f,LOAD,32.0,80.0,72.0,L2,0.0,4.0,1.0,0.2,0.000790055303871271,0.10817307692307691,0.32724078305673704
1321,0x7ffff7fd4493,STORE,64.0,75.0,56.75,L1,0.0,4.0,1.0,0.4666666666666667,0.0007400518036262539,0.08526141826923077,0.38816703418488097
1322,0x7ffff7fcf147,OTHER,64.0,1167.0,55.8,,0.0,0.0,0.0,0.4666666666666667,0.011660816257138,0.08383413461538461,0.1405404043847973
1323,0x7ffff7fce454,LOGIC,32.0,84.0,55.24,,0.0,2.0,0.5,0.2,0.0008300581040672847,0.08299278846153846,0.19595571164140144
1324,0x7ffff7fce533,LOAD,32.0,174.0,75.22,L2,0.0,4.0,1.0,0.2,0.0017301211084775935,0.1130108173076923,0.3286852346040425
1325,0x7ffff7fce265,LOGIC,32.0,82.0,55.02,,0.0,2.0,0.5,0.2,0.0008100567039692779,0.0826622596153846,0.19586807907983847
1326,0x7ffff7fce6b9,BRANCH,64.0,81.0,53.73,,2.0,1.0,0.25,0.4666666666666667,0.0008000560039202744,0.08072415865384615,0.1995477203311083
1327,0x7ffff7fd454e,ARITH,64.0,94.0,57.53,,0.0,3.0,0.75,0.4666666666666667,0.0009300651045573191,0.08643329326923076,0.3260075062601137
1328,0x7ffff7fd44c9,LOAD,64.0,76.0,56.0,L1,0.0,4.0,1.0,0.4666666666666667,0.0007500525036752573,0.08413461538461538,0.38788783363873935
1330,0x7ffff7fcf193,LOAD,64.0,85.0,57.22,L2,0.0,4.0,1.0,0.4666666666666667,0.0008400588041162882,0.08596754807692307,0.3883685683869265
1331,0x7ffff7fce518,LOAD,64.0,176.0,74.91,L2,0.0,4.0,1.0,0.4666666666666667,0.0017501225085756003,0.1125450721153846,0.3952404653226568
1332,0x7ffff7fce254,STORE,64.0,83.0,56.67,L1,0.0,4.0,1.0,0.4666666666666667,0.0008200574040182813,0.08514122596153846,0.3881569875080559
1333,0x7ffff7feb62d,LOGIC,32.0,38.0,53.89,,0.0,2.0,0.5,0.2,0.0003700259018131269,0.08096454326923076,0.19533364229276096
1334,0x7ffff7fce80d,LOAD,64.0,85.0,51.2,L1,0.0,4.0,1.0,0.4666666666666667,0.0008400588041162882,0.07692307692307693,0.38610745059846496
1335,0x7ffff7fd4403,STORE,64.0,96.0,54.67,L1,0.0,4.0,1.0,0.4666666666666667,0.0009500665046553258,0.08213641826923077,0.38743828786013823
1336,0x7ffff7fcf140,OTHER,64.0,1193.0,55.01,,0.0,0.0,0.0,0.4666666666666667,0.01192083445841209,0.08264723557692306,0.14030868417550046
1337,0x7ffff7fcf14e,ARITH,64.0,1205.0,56.19,,0.0,3.0,0.75,0.4666666666666667,0.012040842859000131,0.0844200721153846,0.32828189541026287
1338,0x7ffff7fce439,LOGIC,32.0,86.0,54.33,,0.0,2.0,0.5,0.2,0.0008500595041652916,0.08162560096153845,0.19561891511642593
1339,0x7ffff7fce727,ARITH,64.0,88.0,61.82,,0.0,3.0,0.75,0.4666666666666667,0.0008700609042632984,0.09287860576923077,0.32760383333504023
1340,0x7ffff7feaaf9,FP,128.0,5.0,44.8,,0.0,0.0,0.0,1.0,4.000280019601372e-05,0.06730769230769229,0.2668369237769721
1341,0x7ffff7fce37e,BRANCH,64.0,78.0,0.0,,2.0,1.0,0.25,0.4666666666666667,0.0007700539037732642,0.0,0.17935918014261
1342,0x7ffff7fd4514,BRANCH,64.0,80.0,2.0,,2.0,1.0,0.25,0.4666666666666667,0.000790055303871271,0.003004807692307692,0.1801153824157114
1343,0x7ffff7fd44dc,STORE,64.0,78.0,56.21,L1,0.0,4.0,1.0,0.4666666666666667,0.0007700539037732642,0.08445012019230769,0.3879717101906869
1345,0x7ffff7fce3f9,STORE,64.0,87.0,60.69,L1,0.0,4.0,1.0,0.4666666666666667,0.000860060204214295,0.09118088942307691,0.38967690407348954
1346,0x7ffff7fce4e1,LOAD,64.0,180.0,187.56,LLC,0.0,4.0,1.0,0.4666666666666667,0.001790125308771614,0.28179086538461534,0.4375619143400134
1347,0x7ffff7fce24c,OTHER,64.0,85.0,52.71,,0.0,0.0,0.0,0.4666666666666667,0.0008400588041162882,0.07919170673076922,0.13667460805038806
1350,0x7ffff7fd4443,BRANCH,64.0,82.0,54.63,,2.0,1.0,0.25,0.4666666666666667,0.0008100567039692779,0.08207632211538461,0.19988826137150514
1352,0x7ffff7fcf18a,LOAD,64.0,88.0,76.0,LLC,0.0,4.0,1.0,0.4666666666666667,0.0008700609042632984,0.11418269230769229,0.3954298549696556
1353,0x7ffff7fce512,BRANCH,64.0,97.0,55.75,,2.0,1.0,0.25,0.4666666666666667,0.0009600672047043293,0.08375901442307691,0.20034643707361197
1354,0x7ffff7fce268,LOAD,64.0,86.0,60.28,L2,0.0,4.0,1.0,0.4666666666666667,0.0008500595041652916,0.09056490384615384,0.3895204075042465
1355,0x7ffff7fcefd4,LOAD,32.0,85.0,69.65,L1,0.0,4.0,1.0,0.2,0.0008400588041162882,0.10464242788461538,0.3263706216721829
1356,0x7ffff7fd4524,OTHER,64.0,98.0,53.55,,0.0,0.0,0.0,0.4666666666666667,0.0009700679047533328,0.08045372596153845,0.13702261513323963
1357,0x7ffff7fd4301,BRANCH,64.0,5.0,32.0,,2.0,1.0,0.25,0.4666666666666667,4.000280019601372e-05,0.04807692307692307,0.19119589813594645
1358,0x7ffff7fd00fb,LOGIC,32.0,3.0,42.67,,0.0,2.0,0.5,0.2,2.0001400098006856e-05,0.0641075721153846,0.19103189337887067
1359,0x7ffff7feb644,LOAD,32.0,145.0,57.38,L2,0.0,4.0,1.0,0.2,0.001440100807056494,0.08620793269230768,0.3219120083748411
1360,0x7fffe441c349,OTHER,32.0,1.0,0.0,,0.0,0.0,0.0,0.2,0.0,0.0,0.05
1361,0x7ffff7fd5ebe,ARITH,64.0,1.0,0.0,,0.0,3.0,0.75,0.4666666666666667,0.0,0.0,0.3041666666666667
1362,0x7ffff7fcf151,LOAD,32.0,1245.0,56.91,L1,0.0,4.0,1.0,0.2,0.012440870860960268,0.08550180288461537,0.32448566843639387
1363,0x7ffff7fcf143,ARITH,64.0,1258.0,55.25,,0.0,3.0,0.75,0.4666666666666667,0.012570879961597312,0.08300781249999999,0.32806133978206603
1364,0x7ffff7fce4cc,BRANCH,64.0,183.0,54.38,,2.0,1.0,0.25,0.4666666666666667,0.0018201274089186244,0.08170072115384615,0.20004687880735786
1365,0x7ffff7fce4fc,OTHER,64.0,185.0,56.39,,0.0,0.0,0.0,0.4666666666666667,0.0018401288090166312,0.08472055288461537,0.13830683709007466
1366,0x7ffff7fea270,ARITH,64.0,6.0,48.0,,0.0,3.0,0.75,0.4666666666666667,5.0003500245017145e-05,0.07211538461538461,0.3222080136955741
1367,0x7ffff7fcefe1,LOAD,64.0,86.0,73.3,L1,0.0,4.0,1.0,0.4666666666666667,0.0008500595041652916,0.11012620192307691,0.39441073202347726
1368,0x7ffff7fd5feb,STORE,64.0,1.0,0.0,,0.0,4.0,1.0,0.4666666666666667,0.0,0.0,0.3666666666666667
1369,0x7ffff7fdad8c,ARITH,64.0,17.0,62.12,,0.0,3.0,0.75,0.4666666666666667,0.00016001120078405488,0.09332932692307691,0.3275390011976319
1370,0x7ffff7fdad76,OTHER,64.0,21.0,53.33,,0.0,0.0,0.0,0.4666666666666667,0.00020001400098006858,0.08012319711538461,0.13674746944575783
1371,0x7ffff7fe2846,LOAD,64.0,1.0,0.0,,0.0,4.0,1.0,0.4666666666666667,0.0,0.0,0.3666666666666667
1372,0x7ffff7fc9570,BRANCH,64.0,1.0,0.0,,2.0,1.0,0.25,0.4666666666666667,0.0,0.0,0.17916666666666667
1373,0x7fffe449f6c5,BRANCH,64.0,1.0,0.0,,2.0,1.0,0.25,0.4666666666666667,0.0,0.0,0.17916666666666667
1374,0x7ffff7fc940a,BRANCH,64.0,3.0,42.67,,2.0,1.0,0.25,0.4666666666666667,2.0001400098006856e-05,0.0641075721153846,0.19519856004553734
1375,0x7fffe4347774,ARITH,64.0,1.0,0.0,,0.0,3.0,0.75,0.4666666666666667,0.0,0.0,0.3041666666666667
1376,0x7ffff7fd8d38,LOGIC,64.0,2.0,16.0,,0.0,2.0,0.5,0.4666666666666667,1.000070004900343e-05,0.024038461538461536,0.2476787822262943
1377,0x7ffff7fcf107,LOAD,32.0,90.0,57.6,L2,0.0,4.0,1.0,0.2,0.0008900623043613053,0.08653846153846154,0.3218571309607057
1378,0x7ffff7fcf156,BRANCH,64.0,1269.0,5.9,,2.0,1.0,0.25,0.4666666666666667,0.01268088766213635,0.008864182692307692,0.1845529342552777
1379,0x7ffff7fce427,OTHER,64.0,90.0,55.82,,0.0,0.0,0.0,0.4666666666666667,0.0008900623043613053,0.08386418269230768,0.1378552279158339
1380,0x7ffff7fce502,LOGIC,32.0,187.0,54.76,,0.0,2.0,0.5,0.2,0.001860130209114638,0.0822716346153846,0.1960329412061248
1381,0x7ffff7fce25c,STORE,64.0,88.0,59.27,L1,0.0,4.0,1.0,0.4666666666666667,0.0008700609042632984,0.08904747596153846,0.38914605088311716
1382,0x7ffff7fce2c9,LOAD,32.0,82.0,159.22,LLC,0.0,4.0,1.0,0.2,0.0008100567039692779,0.23921274038461537,0.36000569927214615
1383,0x7ffff7fcf237,LOGIC,32.0,83.0,54.75,,0.0,2.0,0.5,0.2,0.0008200574040182813,0.08225661057692307,0.19576916699523533
1384,0x7fffe4344110,NOP,32.0,1.0,0.0,,0.0,0.0,0.0,0.2,0.0,0.0,0.05
9383,0x555555555174,LOAD,32.0,99981.0,57.1,L1,0.0,4.0,1.0,0.2,0.9998699908993629,0.08578725961538461,0.5714143126286869
9384,0x555555555168,LOAD,32.0,99994.0,56.99,L1,0.0,4.0,1.0,0.2,1.0,0.08562199519230769,0.571405498798077
9385,0x7fffe4377052,STORE,32.0,1.0,0.0,,0.0,4.0,1.0,0.2,0.0,0.0,0.3
9386,0x7fffe438d608,STORE,64.0,1.0,0.0,,0.0,4.0,1.0,0.4666666666666667,0.0,0.0,0.3666666666666667
9387,0x7fffe4415da0,NOP,32.0,1.0,0.0,,0.0,0.0,0.0,0.2,0.0,0.0,0.05
9393,0x7fffe43a3a7d,STORE,128.0,88.0,65.09,L2,0.0,4.0,1.0,1.0,0.0008700609042632984,0.09779146634615385,0.5246653818126042
9394,0x7fffe43a3a75,ARITH,64.0,105.0,57.9,,0.0,3.0,0.75,0.4666666666666667,0.0010400728050963567,0.08698918269230768,0.3261739805410177
9395,0x7fffe43a3a83,BRANCH,64.0,121.0,0.0,,2.0,1.0,0.25,0.4666666666666667,0.0012000840058804117,0.0,0.17946668766813678
9396,0x7ffff7fdad74,OTHER,32.0,24.0,54.67,,0.0,0.0,0.0,0.2,0.00023001610112707887,0.08213641826923077,0.07059160859258946
9397,0x7fffe43a3b19,OTHER,64.0,1.0,0.0,,0.0,0.0,0.0,0.4666666666666667,0.0,0.0,0.11666666666666667
9398,0x7ffff7fdadd8,STORE,64.0,21.0,71.62,LLC,0.0,4.0,1.0,0.4666666666666667,0.00020001400098006858,0.10760216346153846,0.39361721103229635
9399,0x7fffe43a69bc,OTHER,32.0,1.0,0.0,,0.0,0.0,0.0,0.2,0.0,0.0,0.05
9401,0x7fffe441c92b,ARITH,64.0,1.0,0.0,,0.0,3.0,0.75,0.4666666666666667,0.0,0.0,0.3041666666666667
9402,0x7fffe43a45cc,ARITH,64.0,2.0,32.0,,0.0,3.0,0.75,0.4666666666666667,1.000070004900343e-05,0.04807692307692307,0.3161883976109097
9403,0x7fffe43a6a1b,STORE,64.0,12.0,66.67,L2,0.0,4.0,1.0,0.4666666666666667,0.00011000770053903773,0.10016526442307691,0.39173548469757064
9404,0x7fffe43a59d4,ARITH,64.0,2.0,32.0,,0.0,3.0,0.75,0.4666666666666667,1.000070004900343e-05,0.04807692307692307,0.3161883976109097
9405,0x7fffe43a6499,LOAD,64.0,2.0,96.0,L2,0.0,4.0,1.0,0.4666666666666667,1.000070004900343e-05,0.14423076923076922,0.40272685914937123
9406,0x7fffe438ee40,BRANCH,64.0,1.0,0.0,,2.0,1.0,0.25,0.4666666666666667,0.0,0.0,0.17916666666666667
9407,0x7fffe438ede9,LOAD,64.0,1.0,0.0,,0.0,4.0,1.0,0.4666666666666667,0.0,0.0,0.3666666666666667
9408,0x7fffe438edd5,OTHER,32.0,4.0,32.0,,0.0,0.0,0.0,0.2,3.0002100147010288e-05,0.04807692307692307,0.06202673129426752
9409,0x7fffe438edc6,STORE,64.0,6.0,53.33,L1,0.0,4.0,1.0,0.4666666666666667,5.0003500245017145e-05,0.08012319711538461,0.3867099668205741
9410,0x7fffe438fe27,LOAD,32.0,7.0,315.43,DRAM,0.0,4.0,1.0,0.2,6.000420029402058e-05,0.47390324519230764,0.41849081234815044
9411,0x7fffe438fe0f,BRANCH,64.0,9.0,46.22,,2.0,1.0,0.25,0.4666666666666667,8.000560039202744e-05,0.06944110576923077,0.19654694450907237
9412,0x7fffe438fe3d,OTHER,64.0,10.0,44.8,,0.0,0.0,0.0,0.4666666666666667,9.000630044103088e-05,0.06730769230769229,0.13351609131870001
9413,0x7fffe438ee27,LOAD,64.0,12.0,53.33,L1,0.0,4.0,1.0,0.4666666666666667,0.00011000770053903773,0.08012319711538461,0.3867249678706476
9414,0x7fffe437729e,STORE,32.0,1.0,0.0,,0.0,4.0,1.0,0.2,0.0,0.0,0.3
9415,0x7fffe435c2d0,OTHER,64.0,2.0,32.0,,0.0,0.0,0.0,0.4666666666666667,1.000070004900343e-05,0.04807692307692307,0.1286883976109097
9416,0x7fffe4378602,LOGIC,32.0,1.0,0.0,,0.0,2.0,0.5,0.2,0.0,0.0,0.175
9417,0x7fffe438d65a,ARITH,64.0,1.0,0.0,,0.0,3.0,0.75,0.4666666666666667,0.0,0.0,0.3041666666666667
9418,0x7fffe438d618,BRANCH,64.0,3.0,42.67,,2.0,1.0,0.25,0.4666666666666667,2.0001400098006856e-05,0.0641075721153846,0.19519856004553734
9419,0x7fffe438e961,OTHER,64.0,1.0,0.0,,0.0,0.0,0.0,0.4666666666666667,0.0,0.0,0.11666666666666667
9420,0x7fffe438d6ef,OTHER,64.0,2.0,32.0,,0.0,0.0,0.0,0.4666666666666667,1.000070004900343e-05,0.04807692307692307,0.1286883976109097
9421,0x7fffe43473a2,STORE,64.0,1.0,0.0,,0.0,4.0,1.0,0.4666666666666667,0.0,0.0,0.3666666666666667
9422,0x7fffe439a021,BRANCH,64.0,1.0,0.0,,2.0,1.0,0.25,0.4666666666666667,0.0,0.0,0.17916666666666667
9423,0x7ffff7fc915a,BRANCH,64.0,3.0,42.67,,2.0,1.0,0.25,0.4666666666666667,2.0001400098006856e-05,0.0641075721153846,0.19519856004553734
9424,0x7ffff7fd6a62,STORE,64.0,2.0,32.0,L1,0.0,4.0,1.0,0.4666666666666667,1.000070004900343e-05,0.04807692307692307,0.3786883976109097
9425,0x7ffff7fd6a92,OTHER,64.0,6.0,42.67,,0.0,0.0,0.0,0.4666666666666667,5.0003500245017145e-05,0.0641075721153846,0.13270606057057407
9426,0x7ffff7fedfb7,ARITH,64.0,19.0,58.95,,0.0,3.0,0.75,0.4666666666666667,0.00018001260088206173,0.08856670673076923,0.3263533464995795
9427,0x7fffe43479a6,LOGIC,32.0,1.0,0.0,,0.0,2.0,0.5,0.2,0.0,0.0,0.175
9428,0x7ffff7fde57e,LOAD,64.0,1.0,0.0,,1.0,4.0,1.0,0.4666666666666667,0.0,0.0,0.3666666666666667
9429,0x7ffff7fc9311,LOAD,64.0,1.0,0.0,,0.0,4.0,1.0,0.4666666666666667,0.0,0.0,0.3666666666666667
9430,0x7fffe43909ce,LOGIC,32.0,1.0,0.0,,0.0,2.0,0.5,0.2,0.0,0.0,0.175
9431,0x7fffe4390bf2,OTHER,64.0,1.0,0.0,,0.0,0.0,0.0,0.4666666666666667,0.0,0.0,0.11666666666666667
9432,0x7fffe439046a,OTHER,64.0,1.0,0.0,,0.0,0.0,0.0,0.4666666666666667,0.0,0.0,0.11666666666666667
9433,0x7fffe43ecc04,LOAD,64.0,1.0,0.0,,0.0,4.0,1.0,0.4666666666666667,0.0,0.0,0.3666666666666667
# Unique static PCs: 13841,,,,,,,,0.0,0.0,,,,0.0
